remote_index_id,category,brand_en,brand_zh,protocol,binary_file,has_decoded_keys
3749,ac,AUX,奥克斯,new_ac,irda_new_ac_9377.bin,0
3750,ac,AUX,奥克斯,new_ac,irda_new_ac_2807.bin,0
3751,ac,AUX,奥克斯,new_ac,irda_new_ac_3022.bin,0
3752,ac,AUX,奥克斯,new_ac,irda_new_ac_4862.bin,0
3753,ac,AUX,奥克斯,new_ac,irda_new_ac_4852.bin,0
3754,ac,AUX,奥克斯,new_ac,irda_new_ac_3387.bin,0
3757,ac,AUX,奥克斯,new_ac,irda_new_ac_4932.bin,0
8719,ac,AUX,奥克斯,new_ac,irda_new_ac_11832.bin,0
9585,ac,AUX,奥克斯,new_ac,irda_new_ac_4957.bin,0
9818,ac,AUX,奥克斯,new_ac,irda_new_ac_4872.bin,0
9819,ac,AUX,奥克斯,new_ac,irda_new_ac_11272.bin,0
11253,ac,AUX,奥克斯,new_ac,irda_new_ac_3275.bin,0
12966,ac,AUX,奥克斯,new_ac,irda_new_ac_25072.bin,0
3479,ac,CHANG HONG,长虹,new_ac,irda_new_ac_5277.bin,0
3480,ac,CHANG HONG,长虹,new_ac,irda_new_ac_5227.bin,0
3481,ac,CHANG HONG,长虹,new_ac,irda_new_ac_5167.bin,0
3482,ac,CHANG HONG,长虹,new_ac,irda_new_ac_5177.bin,0
3483,ac,CHANG HONG,长虹,new_ac,irda_new_ac_10707.bin,0
3484,ac,CHANG HONG,长虹,new_ac,irda_new_ac_5197.bin,0
3485,ac,CHANG HONG,长虹,new_ac,irda_new_ac_5207.bin,0
3486,ac,CHANG HONG,长虹,new_ac,irda_new_ac_5217.bin,0
3487,ac,CHANG HONG,长虹,new_ac,irda_new_ac_5252.bin,0
3488,ac,CHANG HONG,长虹,new_ac,irda_new_ac_5267.bin,0
3489,ac,CHANG HONG,长虹,new_ac,irda_new_ac_4512.bin,0
3490,ac,CHANG HONG,长虹,new_ac,irda_new_ac_4967.bin,0
3491,ac,CHANG HONG,长虹,new_ac,irda_new_ac_5127.bin,0
3492,ac,CHANG HONG,长虹,new_ac,irda_new_ac_5132.bin,0
3493,ac,CHANG HONG,长虹,new_ac,irda_new_ac_5137.bin,0
3494,ac,CHANG HONG,长虹,new_ac,irda_new_ac_5162.bin,0
3495,ac,CHANG HONG,长虹,new_ac,irda_new_ac_5257.bin,0
3496,ac,CHANG HONG,长虹,new_ac,irda_new_ac_5282.bin,0
3497,ac,CHANG HONG,长虹,new_ac,irda_new_ac_2807.bin,0
3498,ac,CHANG HONG,长虹,new_ac,irda_new_ac_3387.bin,0
9807,ac,CHANG HONG,长虹,new_ac,irda_new_ac_11272.bin,0
3657,ac,CHUN LAN,春兰,new_ac,irda_new_ac_9502.bin,0
3658,ac,CHUN LAN,春兰,new_ac,irda_new_ac_10547.bin,0
3659,ac,CHUN LAN,春兰,new_ac,irda_new_ac_11257.bin,0
3660,ac,CHUN LAN,春兰,new_ac,irda_new_ac_5392.bin,0
3661,ac,CHUN LAN,春兰,new_ac,irda_new_ac_5437.bin,0
3662,ac,CHUN LAN,春兰,new_ac,irda_new_ac_2807.bin,0
3663,ac,CHUN LAN,春兰,new_ac,irda_new_ac_5382.bin,0
3664,ac,CHUN LAN,春兰,new_ac,irda_new_ac_5402.bin,0
3665,ac,CHUN LAN,春兰,new_ac,irda_new_ac_1242.bin,0
3666,ac,CHUN LAN,春兰,new_ac,irda_new_ac_1257.bin,0
9474,ac,CHUN LAN,春兰,new_ac,irda_new_ac_11737.bin,0
9570,ac,CHUN LAN,春兰,new_ac,irda_new_ac_12165.bin,0
9816,ac,CHUN LAN,春兰,new_ac,irda_new_ac_9447.bin,0
3581,ac,GREE,格力,new_ac,irda_new_ac_10727.bin,0
3582,ac,GREE,格力,new_ac,irda_new_ac_2587.bin,0
3583,ac,GREE,格力,new_ac,irda_new_ac_2132.bin,0
3584,ac,GREE,格力,new_ac,irda_new_ac_777.bin,0
3585,ac,GREE,格力,new_ac,irda_new_ac_1262.bin,0
3586,ac,GREE,格力,new_ac,irda_new_ac_1937.bin,0
3587,ac,GREE,格力,new_ac,irda_new_ac_2032.bin,0
3588,ac,GREE,格力,new_ac,irda_new_ac_2067.bin,0
3589,ac,GREE,格力,new_ac,irda_new_ac_2342.bin,0
3590,ac,GREE,格力,new_ac,irda_new_ac_2552.bin,0
3591,ac,GREE,格力,new_ac,irda_new_ac_2622.bin,0
3592,ac,GREE,格力,new_ac,irda_new_ac_2807.bin,0
3594,ac,GREE,格力,new_ac,irda_new_ac_1252.bin,0
3595,ac,GREE,格力,new_ac,irda_new_ac_1997.bin,0
3596,ac,GREE,格力,new_ac,irda_new_ac_2287.bin,0
3597,ac,GREE,格力,new_ac,irda_new_ac_2297.bin,0
3598,ac,GREE,格力,new_ac,irda_new_ac_2302.bin,0
3599,ac,GREE,格力,new_ac,irda_new_ac_2407.bin,0
3600,ac,GREE,格力,new_ac,irda_new_ac_2497.bin,0
3601,ac,GREE,格力,new_ac,irda_new_ac_2612.bin,0
3602,ac,GREE,格力,new_ac,irda_new_ac_2617.bin,0
3603,ac,GREE,格力,new_ac,irda_new_ac_2632.bin,0
3604,ac,GREE,格力,new_ac,irda_new_ac_2667.bin,0
8643,ac,GREE,格力,new_ac,irda_new_ac_10008.bin,0
8644,ac,GREE,格力,new_ac,irda_new_ac_10009.bin,0
9815,ac,GREE,格力,new_ac,irda_new_ac_11747.bin,0
11244,ac,GREE,格力,new_ac,irda_new_ac_2970.bin,0
11245,ac,GREE,格力,new_ac,irda_new_ac_2969.bin,0
11423,ac,GREE,格力,new_ac,irda_new_ac_10012.bin,0
12261,ac,GREE,格力,new_ac,irda_new_ac_10016.bin,0
12700,ac,GREE,格力,new_ac,irda_new_ac_10020.bin,0
12954,ac,GREE,格力,new_ac,irda_new_ac_25062.bin,0
13021,ac,GREE,格力,new_ac,irda_new_ac_25097.bin,0
3521,ac,Haier,海尔,new_ac,irda_new_ac_2.bin,0
3522,ac,Haier,海尔,new_ac,irda_new_ac_77.bin,0
3523,ac,Haier,海尔,new_ac,irda_new_ac_7807.bin,0
3524,ac,Haier,海尔,new_ac,irda_new_ac_237.bin,0
3525,ac,Haier,海尔,new_ac,irda_new_ac_11217.bin,0
3526,ac,Haier,海尔,new_ac,irda_new_ac_82.bin,0
3527,ac,Haier,海尔,new_ac,irda_new_ac_97.bin,0
3528,ac,Haier,海尔,new_ac,irda_new_ac_207.bin,0
3529,ac,Haier,海尔,new_ac,irda_new_ac_212.bin,0
3530,ac,Haier,海尔,new_ac,irda_new_ac_112.bin,0
3531,ac,Haier,海尔,new_ac,irda_new_ac_222.bin,0
3532,ac,Haier,海尔,new_ac,irda_new_ac_577.bin,0
3533,ac,Haier,海尔,new_ac,irda_new_ac_107.bin,0
3534,ac,Haier,海尔,new_ac,irda_new_ac_2807.bin,0
3535,ac,Haier,海尔,new_ac,irda_new_ac_72.bin,0
3536,ac,Haier,海尔,new_ac,irda_new_ac_182.bin,0
3537,ac,Haier,海尔,new_ac,irda_new_ac_262.bin,0
3538,ac,Haier,海尔,new_ac,irda_new_ac_292.bin,0
3539,ac,Haier,海尔,new_ac,irda_new_ac_337.bin,0
3540,ac,Haier,海尔,new_ac,irda_new_ac_407.bin,0
3541,ac,Haier,海尔,new_ac,irda_new_ac_422.bin,0
3542,ac,Haier,海尔,new_ac,irda_new_ac_432.bin,0
3543,ac,Haier,海尔,new_ac,irda_new_ac_437.bin,0
3544,ac,Haier,海尔,new_ac,irda_new_ac_447.bin,0
3545,ac,Haier,海尔,new_ac,irda_new_ac_452.bin,0
3546,ac,Haier,海尔,new_ac,irda_new_ac_462.bin,0
3547,ac,Haier,海尔,new_ac,irda_new_ac_467.bin,0
3548,ac,Haier,海尔,new_ac,irda_new_ac_477.bin,0
3549,ac,Haier,海尔,new_ac,irda_new_ac_487.bin,0
3550,ac,Haier,海尔,new_ac,irda_new_ac_507.bin,0
3551,ac,Haier,海尔,new_ac,irda_new_ac_532.bin,0
3552,ac,Haier,海尔,new_ac,irda_new_ac_537.bin,0
3553,ac,Haier,海尔,new_ac,irda_new_ac_562.bin,0
3554,ac,Haier,海尔,new_ac,irda_new_ac_657.bin,0
3555,ac,Haier,海尔,new_ac,irda_new_ac_667.bin,0
8716,ac,Haier,海尔,new_ac,irda_new_ac_11847.bin,0
9811,ac,Haier,海尔,new_ac,irda_new_ac_9337.bin,0
3459,ac,Hisense,海信,new_ac,irda_new_ac_10712.bin,0
3460,ac,Hisense,海信,new_ac,irda_new_ac_4332.bin,0
3462,ac,Hisense,海信,new_ac,irda_new_ac_11677.bin,0
3463,ac,Hisense,海信,new_ac,irda_new_ac_5897.bin,0
3464,ac,Hisense,海信,new_ac,irda_new_ac_4512.bin,0
3465,ac,Hisense,海信,new_ac,irda_new_ac_5192.bin,0
3466,ac,Hisense,海信,new_ac,irda_new_ac_5127.bin,0
3467,ac,Hisense,海信,new_ac,irda_new_ac_5217.bin,0
3468,ac,Hisense,海信,new_ac,irda_new_ac_5252.bin,0
3469,ac,Hisense,海信,new_ac,irda_new_ac_5922.bin,0
3470,ac,Hisense,海信,new_ac,irda_new_ac_2807.bin,0
3471,ac,Hisense,海信,new_ac,irda_new_ac_337.bin,0
3472,ac,Hisense,海信,new_ac,irda_new_ac_5927.bin,0
3473,ac,Hisense,海信,new_ac,irda_new_ac_5932.bin,0
3474,ac,Hisense,海信,new_ac,irda_new_ac_11672.bin,0
3475,ac,Hisense,海信,new_ac,irda_new_ac_11717.bin,0
8645,ac,Hisense,海信,new_ac,irda_new_ac_6302.bin,0
9806,ac,Hisense,海信,new_ac,irda_new_ac_9297.bin,0
11240,ac,Hisense,海信,new_ac,irda_new_ac_11797.bin,0
11241,ac,Hisense,海信,new_ac,irda_new_ac_12250.bin,0
3557,ac,KONGKA,康佳,new_ac,irda_new_ac_2807.bin,0
3558,ac,KONGKA,康佳,new_ac,irda_new_ac_5372.bin,0
3559,ac,KONGKA,康佳,new_ac,irda_new_ac_3657.bin,0
3560,ac,KONGKA,康佳,new_ac,irda_new_ac_3327.bin,0
3561,ac,KONGKA,康佳,new_ac,irda_new_ac_3022.bin,0
3904,ac,KELON,科龙,new_ac,irda_new_ac_4217.bin,0
3905,ac,KELON,科龙,new_ac,irda_new_ac_2842.bin,0
3906,ac,KELON,科龙,new_ac,irda_new_ac_4297.bin,0
3907,ac,KELON,科龙,new_ac,irda_new_ac_11677.bin,0
3908,ac,KELON,科龙,new_ac,irda_new_ac_2807.bin,0
3911,ac,KELON,科龙,new_ac,irda_new_ac_7192.bin,0
8722,ac,KELON,科龙,new_ac,irda_new_ac_11797.bin,0
9842,ac,KELON,科龙,new_ac,irda_new_ac_7167.bin,0
9843,ac,KELON,科龙,new_ac,irda_new_ac_7177.bin,0
11257,ac,KELON,科龙,new_ac,irda_new_ac_12250.bin,0
12262,ac,KELON,科龙,new_ac,irda_new_ac_10013.bin,0
12281,ac,KELON,科龙,new_ac,irda_new_ac_10018.bin,0
3722,ac,Midea,美的,new_ac,irda_new_ac_11272.bin,0
3723,ac,Midea,美的,new_ac,irda_new_ac_3387.bin,0
3724,ac,Midea,美的,new_ac,irda_new_ac_2607.bin,0
3725,ac,Midea,美的,new_ac,irda_new_ac_4807.bin,0
3726,ac,Midea,美的,new_ac,irda_new_ac_4627.bin,0
3727,ac,Midea,美的,new_ac,irda_new_ac_4647.bin,0
3728,ac,Midea,美的,new_ac,irda_new_ac_4782.bin,0
3729,ac,Midea,美的,new_ac,irda_new_ac_4837.bin,0
3730,ac,Midea,美的,new_ac,irda_new_ac_4847.bin,0
3731,ac,Midea,美的,new_ac,irda_new_ac_4787.bin,0
3732,ac,Midea,美的,new_ac,irda_new_ac_4802.bin,0
3733,ac,Midea,美的,new_ac,irda_new_ac_4757.bin,0
3734,ac,Midea,美的,new_ac,irda_new_ac_4722.bin,0
3735,ac,Midea,美的,new_ac,irda_new_ac_3172.bin,0
3736,ac,Midea,美的,new_ac,irda_new_ac_2807.bin,0
3737,ac,Midea,美的,new_ac,irda_new_ac_4667.bin,0
3738,ac,Midea,美的,new_ac,irda_new_ac_4712.bin,0
3739,ac,Midea,美的,new_ac,irda_new_ac_3237.bin,0
8647,ac,Midea,美的,new_ac,irda_new_ac_3327.bin,0
8718,ac,Midea,美的,new_ac,irda_new_ac_11837.bin,0
9475,ac,Midea,美的,new_ac,irda_new_ac_11937.bin,0
10258,ac,Midea,美的,new_ac,irda_new_ac_10737.bin,0
11250,ac,Midea,美的,new_ac,irda_new_ac_2616.bin,0
11251,ac,Midea,美的,new_ac,irda_new_ac_2618.bin,0
11252,ac,Midea,美的,new_ac,irda_new_ac_12260.bin,0
12512,ac,Midea,美的,new_ac,irda_new_ac_4658.bin,0
3503,ac,TCL,TCL,new_ac,irda_new_ac_2807.bin,0
3504,ac,TCL,TCL,new_ac,irda_new_ac_5717.bin,0
3505,ac,TCL,TCL,new_ac,irda_new_ac_6012.bin,0
3506,ac,TCL,TCL,new_ac,irda_new_ac_3022.bin,0
3507,ac,TCL,TCL,new_ac,irda_new_ac_3657.bin,0
3508,ac,TCL,TCL,new_ac,irda_new_ac_3327.bin,0
3509,ac,TCL,TCL,new_ac,irda_new_ac_6022.bin,0
8715,ac,TCL,TCL,new_ac,irda_new_ac_11842.bin,0
11243,ac,TCL,TCL,new_ac,irda_new_ac_3200.bin,0
12306,ac,TCL,TCL,new_ac,irda_new_ac_4660.bin,0
3758,ac,Zhi Gao,志高,new_ac,irda_new_ac_3232.bin,0
3759,ac,Zhi Gao,志高,new_ac,irda_new_ac_10577.bin,0
3760,ac,Zhi Gao,志高,new_ac,irda_new_ac_3022.bin,0
3761,ac,Zhi Gao,志高,new_ac,irda_new_ac_3037.bin,0
3762,ac,Zhi Gao,志高,new_ac,irda_new_ac_3042.bin,0
3763,ac,Zhi Gao,志高,new_ac,irda_new_ac_4627.bin,0
3764,ac,Zhi Gao,志高,new_ac,irda_new_ac_4247.bin,0
3765,ac,Zhi Gao,志高,new_ac,irda_new_ac_3327.bin,0
3766,ac,Zhi Gao,志高,new_ac,irda_new_ac_2807.bin,0
3767,ac,Zhi Gao,志高,new_ac,irda_new_ac_2987.bin,0
3768,ac,Zhi Gao,志高,new_ac,irda_new_ac_3027.bin,0
3769,ac,Zhi Gao,志高,new_ac,irda_new_ac_3032.bin,0
3770,ac,Zhi Gao,志高,new_ac,irda_new_ac_3052.bin,0
3771,ac,Zhi Gao,志高,new_ac,irda_new_ac_3212.bin,0
3772,ac,Zhi Gao,志高,new_ac,irda_new_ac_3427.bin,0
9820,ac,Zhi Gao,志高,new_ac,irda_new_ac_11852.bin,0
3605,ac,AUCMA,澳柯玛,new_ac,irda_new_ac_9377.bin,0
3606,ac,AUCMA,澳柯玛,new_ac,irda_new_ac_7352.bin,0
3607,ac,AUCMA,澳柯玛,new_ac,irda_new_ac_7362.bin,0
3608,ac,AUCMA,澳柯玛,new_ac,irda_new_ac_7367.bin,0
3609,ac,AUCMA,澳柯玛,new_ac,irda_new_ac_7372.bin,0
3610,ac,AUCMA,澳柯玛,new_ac,irda_new_ac_6792.bin,0
3611,ac,AUCMA,澳柯玛,new_ac,irda_new_ac_6797.bin,0
3612,ac,AUCMA,澳柯玛,new_ac,irda_new_ac_2807.bin,0
3613,ac,AUCMA,澳柯玛,new_ac,irda_new_ac_1077.bin,0
3614,ac,AUCMA,澳柯玛,new_ac,irda_new_ac_1227.bin,0
3615,ac,AUCMA,澳柯玛,new_ac,irda_new_ac_1237.bin,0
3740,ac,DaiKin,大金,new_ac,irda_new_ac_9357.bin,0
3741,ac,DaiKin,大金,new_ac,irda_new_ac_10502.bin,0
3742,ac,DaiKin,大金,new_ac,irda_new_ac_10517.bin,0
3743,ac,DaiKin,大金,new_ac,irda_new_ac_5937.bin,0
3744,ac,DaiKin,大金,new_ac,irda_new_ac_5957.bin,0
3745,ac,DaiKin,大金,new_ac,irda_new_ac_3327.bin,0
3746,ac,DaiKin,大金,new_ac,irda_new_ac_5997.bin,0
3747,ac,DaiKin,大金,new_ac,irda_new_ac_2807.bin,0
3748,ac,DaiKin,大金,new_ac,irda_new_ac_5962.bin,0
9817,ac,DaiKin,大金,new_ac,irda_new_ac_11772.bin,0
3773,ac,Panasonic,松下,new_ac,irda_new_ac_2587.bin,0
3774,ac,Panasonic,松下,new_ac,irda_new_ac_5997.bin,0
3776,ac,Panasonic,松下,new_ac,irda_new_ac_3067.bin,0
3777,ac,Panasonic,松下,new_ac,irda_new_ac_5977.bin,0
3778,ac,Panasonic,松下,new_ac,irda_new_ac_5982.bin,0
3779,ac,Panasonic,松下,new_ac,irda_new_ac_5987.bin,0
3780,ac,Panasonic,松下,new_ac,irda_new_ac_4837.bin,0
3781,ac,Panasonic,松下,new_ac,irda_new_ac_3167.bin,0
3782,ac,Panasonic,松下,new_ac,irda_new_ac_6007.bin,0
3783,ac,Panasonic,松下,new_ac,irda_new_ac_2807.bin,0
9821,ac,Panasonic,松下,new_ac,irda_new_ac_9387.bin,0
11363,ac,Panasonic,松下,new_ac,irda_new_ac_10011.bin,0
12513,ac,Panasonic,松下,new_ac,irda_new_ac_4646.bin,0
12941,ac,Panasonic,松下,new_ac,irda_new_ac_25049.bin,0
12980,ac,Panasonic,松下,new_ac,irda_new_ac_25073.bin,0
12981,ac,Panasonic,松下,new_ac,irda_new_ac_25074.bin,0
12982,ac,Panasonic,松下,new_ac,irda_new_ac_25075.bin,0
3680,ac,Galanz,格兰仕,new_ac,irda_new_ac_2562.bin,0
3681,ac,Galanz,格兰仕,new_ac,irda_new_ac_1752.bin,0
3682,ac,Galanz,格兰仕,new_ac,irda_new_ac_10567.bin,0
3683,ac,Galanz,格兰仕,new_ac,irda_new_ac_2807.bin,0
3684,ac,Galanz,格兰仕,new_ac,irda_new_ac_5717.bin,0
3685,ac,Galanz,格兰仕,new_ac,irda_new_ac_3327.bin,0
3686,ac,Galanz,格兰仕,new_ac,irda_new_ac_3022.bin,0
3687,ac,Galanz,格兰仕,new_ac,irda_new_ac_1702.bin,0
3688,ac,Galanz,格兰仕,new_ac,irda_new_ac_1887.bin,0
3689,ac,Galanz,格兰仕,new_ac,irda_new_ac_2467.bin,0
3690,ac,Galanz,格兰仕,new_ac,irda_new_ac_2522.bin,0
3691,ac,Galanz,格兰仕,new_ac,irda_new_ac_2567.bin,0
3692,ac,Galanz,格兰仕,new_ac,irda_new_ac_2572.bin,0
3693,ac,Galanz,格兰仕,new_ac,irda_new_ac_2697.bin,0
3694,ac,Galanz,格兰仕,new_ac,irda_new_ac_1562.bin,0
11246,ac,Galanz,格兰仕,new_ac,irda_new_ac_5412.bin,0
11247,ac,Galanz,格兰仕,new_ac,irda_new_ac_3216.bin,0
11248,ac,Galanz,格兰仕,new_ac,irda_new_ac_3268.bin,0
11249,ac,Galanz,格兰仕,new_ac,irda_new_ac_3236.bin,0
11499,ac,Galanz,格兰仕,new_ac,irda_new_ac_4190.bin,0
11500,ac,Galanz,格兰仕,new_ac,irda_new_ac_4370.bin,0
3476,ac,Samsung,三星,new_ac,irda_new_ac_2807.bin,0
3477,ac,Samsung,三星,new_ac,irda_new_ac_7202.bin,0
3478,ac,Samsung,三星,new_ac,irda_new_ac_3237.bin,0
11318,ac,Samsung,三星,new_ac,irda_new_ac_10007.bin,0
11497,ac,Samsung,三星,new_ac,irda_new_ac_11842.bin,0
13013,ac,Samsung,三星,new_ac,irda_new_ac_25096.bin,0
3499,ac,TOSHIBA,东芝,new_ac,irda_new_ac_3387.bin,0
3500,ac,TOSHIBA,东芝,new_ac,irda_new_ac_7157.bin,0
3501,ac,TOSHIBA,东芝,new_ac,irda_new_ac_7162.bin,0
3502,ac,TOSHIBA,东芝,new_ac,irda_new_ac_2807.bin,0
8646,ac,TOSHIBA,东芝,new_ac,irda_new_ac_11272.bin,0
9808,ac,TOSHIBA,东芝,new_ac,irda_new_ac_11867.bin,0
11242,ac,TOSHIBA,东芝,new_ac,irda_new_ac_3203.bin,0
3510,ac,LG,LG 乐金,new_ac,irda_new_ac_3482.bin,0
3511,ac,LG,LG 乐金,new_ac,irda_new_ac_3532.bin,0
3513,ac,LG,LG 乐金,new_ac,irda_new_ac_3577.bin,0
3514,ac,LG,LG 乐金,new_ac,irda_new_ac_2807.bin,0
3515,ac,LG,LG 乐金,new_ac,irda_new_ac_2722.bin,0
3516,ac,LG,LG 乐金,new_ac,irda_new_ac_2827.bin,0
3517,ac,LG,LG 乐金,new_ac,irda_new_ac_2832.bin,0
3518,ac,LG,LG 乐金,new_ac,irda_new_ac_2837.bin,0
3519,ac,LG,LG 乐金,new_ac,irda_new_ac_2847.bin,0
9809,ac,LG,LG 乐金,new_ac,irda_new_ac_11292.bin,0
9810,ac,LG,LG 乐金,new_ac,irda_new_ac_3592.bin,0
13064,ac,LG,LG 乐金,new_ac,irda_new_ac_25116.bin,0
3562,ac,PHILIPS,飞利浦,new_ac,irda_new_ac_4727.bin,0
3563,ac,PHILIPS,飞利浦,new_ac,irda_new_ac_3327.bin,0
3564,ac,PHILIPS,飞利浦,new_ac,irda_new_ac_4247.bin,0
3565,ac,PHILIPS,飞利浦,new_ac,irda_new_ac_5582.bin,0
3566,ac,PHILIPS,飞利浦,new_ac,irda_new_ac_2807.bin,0
3567,ac,PHILIPS,飞利浦,new_ac,irda_new_ac_6012.bin,0
3568,ac,SHARP,夏普,new_ac,irda_new_ac_2807.bin,0
3569,ac,SHARP,夏普,new_ac,irda_new_ac_2817.bin,0
3570,ac,SHARP,夏普,new_ac,irda_new_ac_2822.bin,0
3571,ac,SHARP,夏普,new_ac,irda_new_ac_2927.bin,0
3572,ac,SHARP,夏普,new_ac,irda_new_ac_2937.bin,0
3573,ac,SHARP,夏普,new_ac,irda_new_ac_2842.bin,0
3574,ac,SHARP,夏普,new_ac,irda_new_ac_2852.bin,0
3575,ac,SHARP,夏普,new_ac,irda_new_ac_2862.bin,0
3576,ac,SHARP,夏普,new_ac,irda_new_ac_2877.bin,0
3577,ac,SHARP,夏普,new_ac,irda_new_ac_2942.bin,0
9812,ac,SHARP,夏普,new_ac,irda_new_ac_11862.bin,0
9813,ac,SHARP,夏普,new_ac,irda_new_ac_3437.bin,0
3616,ac,MITSUBISHI,三菱,new_ac,irda_new_ac_2807.bin,0
3617,ac,MITSUBISHI,三菱,new_ac,irda_new_ac_11002.bin,0
3618,ac,MITSUBISHI,三菱,new_ac,irda_new_ac_2997.bin,0
3619,ac,MITSUBISHI,三菱,new_ac,irda_new_ac_11047.bin,0
3620,ac,MITSUBISHI,三菱,new_ac,irda_new_ac_3327.bin,0
3621,ac,MITSUBISHI,三菱,new_ac,irda_new_ac_3657.bin,0
3622,ac,MITSUBISHI,三菱,new_ac,irda_new_ac_4247.bin,0
3623,ac,MITSUBISHI,三菱,new_ac,irda_new_ac_3037.bin,0
3624,ac,MITSUBISHI,三菱,new_ac,irda_new_ac_4627.bin,0
3625,ac,MITSUBISHI,三菱,new_ac,irda_new_ac_3042.bin,0
3626,ac,MITSUBISHI,三菱,new_ac,irda_new_ac_5357.bin,0
3627,ac,MITSUBISHI,三菱,new_ac,irda_new_ac_5362.bin,0
3628,ac,MITSUBISHI,三菱,new_ac,irda_new_ac_5607.bin,0
3629,ac,MITSUBISHI,三菱,new_ac,irda_new_ac_5612.bin,0
3630,ac,MITSUBISHI,三菱,new_ac,irda_new_ac_5617.bin,0
3631,ac,MITSUBISHI,三菱,new_ac,irda_new_ac_5622.bin,0
3632,ac,MITSUBISHI,三菱,new_ac,irda_new_ac_5637.bin,0
3633,ac,MITSUBISHI,三菱,new_ac,irda_new_ac_5642.bin,0
3634,ac,MITSUBISHI,三菱,new_ac,irda_new_ac_5647.bin,0
3635,ac,MITSUBISHI,三菱,new_ac,irda_new_ac_5652.bin,0
3636,ac,MITSUBISHI,三菱,new_ac,irda_new_ac_5772.bin,0
3637,ac,MITSUBISHI,三菱,new_ac,irda_new_ac_5737.bin,0
3638,ac,MITSUBISHI,三菱,new_ac,irda_new_ac_5787.bin,0
3639,ac,MITSUBISHI,三菱,new_ac,irda_new_ac_5792.bin,0
3640,ac,MITSUBISHI,三菱,new_ac,irda_new_ac_5817.bin,0
3641,ac,MITSUBISHI,三菱,new_ac,irda_new_ac_5822.bin,0
3642,ac,MITSUBISHI,三菱,new_ac,irda_new_ac_3022.bin,0
3643,ac,MITSUBISHI,三菱,new_ac,irda_new_ac_5857.bin,0
3644,ac,MITSUBISHI,三菱,new_ac,irda_new_ac_5887.bin,0
3645,ac,MITSUBISHI,三菱,new_ac,irda_new_ac_3702.bin,0
3646,ac,MITSUBISHI,三菱,new_ac,irda_new_ac_5352.bin,0
3647,ac,MITSUBISHI,三菱,new_ac,irda_new_ac_5832.bin,0
3648,ac,MITSUBISHI,三菱,new_ac,irda_new_ac_657.bin,0
3649,ac,MITSUBISHI,三菱,new_ac,irda_new_ac_5827.bin,0
3650,ac,MITSUBISHI,三菱,new_ac,irda_new_ac_1217.bin,0
3651,ac,MITSUBISHI,三菱,new_ac,irda_new_ac_3562.bin,0
3652,ac,MITSUBISHI,三菱,new_ac,irda_new_ac_3637.bin,0
3653,ac,MITSUBISHI,三菱,new_ac,irda_new_ac_3647.bin,0
3654,ac,MITSUBISHI,三菱,new_ac,irda_new_ac_3652.bin,0
3655,ac,MITSUBISHI,三菱,new_ac,irda_new_ac_3682.bin,0
3656,ac,MITSUBISHI,三菱,new_ac,irda_new_ac_3687.bin,0
3668,ac,deer,双鹿,new_ac,irda_new_ac_3022.bin,0
3669,ac,deer,双鹿,new_ac,irda_new_ac_3727.bin,0
3670,ac,deer,双鹿,new_ac,irda_new_ac_2807.bin,0
3671,ac,deer,双鹿,new_ac,irda_new_ac_1312.bin,0
3672,ac,deer,双鹿,new_ac,irda_new_ac_1372.bin,0
3673,ac,Electrolux,伊莱克斯,new_ac,irda_new_ac_4187.bin,0
3674,ac,Electrolux,伊莱克斯,new_ac,irda_new_ac_7422.bin,0
3675,ac,Electrolux,伊莱克斯,new_ac,irda_new_ac_2807.bin,0
3676,ac,Electrolux,伊莱克斯,new_ac,irda_new_ac_1502.bin,0
3677,ac,Electrolux,伊莱克斯,new_ac,irda_new_ac_1562.bin,0
3678,ac,Electrolux,伊莱克斯,new_ac,irda_new_ac_1682.bin,0
3679,ac,Electrolux,伊莱克斯,new_ac,irda_new_ac_1697.bin,0
8717,ac,Electrolux,伊莱克斯,new_ac,irda_new_ac_11802.bin,0
13070,ac,Electrolux,伊莱克斯,new_ac,irda_new_ac_25117.bin,0
3695,ac,Panda,熊猫,new_ac,irda_new_ac_4247.bin,0
3696,ac,Panda,熊猫,new_ac,irda_new_ac_3657.bin,0
3697,ac,Panda,熊猫,new_ac,irda_new_ac_2807.bin,0
3698,ac,Panda,熊猫,new_ac,irda_new_ac_3327.bin,0
3699,ac,Panda,熊猫,new_ac,irda_new_ac_5472.bin,0
3700,ac,Panda,熊猫,new_ac,irda_new_ac_3022.bin,0
3701,ac,ROWA,乐华,new_ac,irda_new_ac_5502.bin,0
3702,ac,ROWA,乐华,new_ac,irda_new_ac_5362.bin,0
3703,ac,ROWA,乐华,new_ac,irda_new_ac_5607.bin,0
3704,ac,ROWA,乐华,new_ac,irda_new_ac_5612.bin,0
3705,ac,ROWA,乐华,new_ac,irda_new_ac_5617.bin,0
3706,ac,ROWA,乐华,new_ac,irda_new_ac_5622.bin,0
3707,ac,ROWA,乐华,new_ac,irda_new_ac_5637.bin,0
3708,ac,ROWA,乐华,new_ac,irda_new_ac_5642.bin,0
3709,ac,ROWA,乐华,new_ac,irda_new_ac_3657.bin,0
3710,ac,ROWA,乐华,new_ac,irda_new_ac_4247.bin,0
3711,ac,ROWA,乐华,new_ac,irda_new_ac_5647.bin,0
3712,ac,ROWA,乐华,new_ac,irda_new_ac_5652.bin,0
3713,ac,ROWA,乐华,new_ac,irda_new_ac_5657.bin,0
3714,ac,ROWA,乐华,new_ac,irda_new_ac_5722.bin,0
3715,ac,ROWA,乐华,new_ac,irda_new_ac_5737.bin,0
3716,ac,ROWA,乐华,new_ac,irda_new_ac_5747.bin,0
3717,ac,ROWA,乐华,new_ac,irda_new_ac_5752.bin,0
3718,ac,ROWA,乐华,new_ac,irda_new_ac_2807.bin,0
3719,ac,ROWA,乐华,new_ac,irda_new_ac_2707.bin,0
3720,ac,ROWA,乐华,new_ac,irda_new_ac_11702.bin,0
3784,ac,HITACHI,日立,new_ac,irda_new_ac_11232.bin,0
3785,ac,HITACHI,日立,new_ac,irda_new_ac_2807.bin,0
3786,ac,HITACHI,日立,new_ac,irda_new_ac_2947.bin,0
3787,ac,HITACHI,日立,new_ac,irda_new_ac_2952.bin,0
3788,ac,HITACHI,日立,new_ac,irda_new_ac_2992.bin,0
3789,ac,HITACHI,日立,new_ac,irda_new_ac_3002.bin,0
3790,ac,HITACHI,日立,new_ac,irda_new_ac_3007.bin,0
3791,ac,HITACHI,日立,new_ac,irda_new_ac_3012.bin,0
3792,ac,HITACHI,日立,new_ac,irda_new_ac_11697.bin,0
8720,ac,HITACHI,日立,new_ac,irda_new_ac_11767.bin,0
3793,ac,yAIR,扬子,new_ac,irda_new_ac_4727.bin,0
3794,ac,yAIR,扬子,new_ac,irda_new_ac_3327.bin,0
3795,ac,yAIR,扬子,new_ac,irda_new_ac_3387.bin,0
3796,ac,yAIR,扬子,new_ac,irda_new_ac_6702.bin,0
3797,ac,yAIR,扬子,new_ac,irda_new_ac_2807.bin,0
3798,ac,yAIR,扬子,new_ac,irda_new_ac_2857.bin,0
8721,ac,yAIR,扬子,new_ac,irda_new_ac_11842.bin,0
9822,ac,yAIR,扬子,new_ac,irda_new_ac_11272.bin,0
3799,ac,Whirlpool,惠而浦,new_ac,irda_new_ac_9377.bin,0
3800,ac,Whirlpool,惠而浦,new_ac,irda_new_ac_10707.bin,0
3801,ac,Whirlpool,惠而浦,new_ac,irda_new_ac_10712.bin,0
3802,ac,Whirlpool,惠而浦,new_ac,irda_new_ac_3232.bin,0
3803,ac,Whirlpool,惠而浦,new_ac,irda_new_ac_2807.bin,0
3804,ac,Whirlpool,惠而浦,new_ac,irda_new_ac_3067.bin,0
3805,ac,Whirlpool,惠而浦,new_ac,irda_new_ac_3167.bin,0
8648,ac,Whirlpool,惠而浦,new_ac,irda_new_ac_11677.bin,0
9823,ac,Whirlpool,惠而浦,new_ac,irda_new_ac_5277.bin,0
3806,ac,SANYO,三洋,new_ac,irda_new_ac_2807.bin,0
3807,ac,SANYO,三洋,new_ac,irda_new_ac_6302.bin,0
3811,ac,SANYO,三洋,new_ac,irda_new_ac_6262.bin,0
3812,ac,SANYO,三洋,new_ac,irda_new_ac_5207.bin,0
3813,ac,SANYO,三洋,new_ac,irda_new_ac_5222.bin,0
3814,ac,SANYO,三洋,new_ac,irda_new_ac_5237.bin,0
3815,ac,SANYO,三洋,new_ac,irda_new_ac_5217.bin,0
3816,ac,SANYO,三洋,new_ac,irda_new_ac_5227.bin,0
3817,ac,SANYO,三洋,new_ac,irda_new_ac_5252.bin,0
3818,ac,SANYO,三洋,new_ac,irda_new_ac_5257.bin,0
3819,ac,SANYO,三洋,new_ac,irda_new_ac_6067.bin,0
3820,ac,SANYO,三洋,new_ac,irda_new_ac_6167.bin,0
3821,ac,SANYO,三洋,new_ac,irda_new_ac_6192.bin,0
3822,ac,SANYO,三洋,new_ac,irda_new_ac_6237.bin,0
3823,ac,SANYO,三洋,new_ac,irda_new_ac_5267.bin,0
3824,ac,SANYO,三洋,new_ac,irda_new_ac_4332.bin,0
3825,ac,SANYO,三洋,new_ac,irda_new_ac_5837.bin,0
3826,ac,SANYO,三洋,new_ac,irda_new_ac_5842.bin,0
3827,ac,SANYO,三洋,new_ac,irda_new_ac_5847.bin,0
3828,ac,SANYO,三洋,new_ac,irda_new_ac_6377.bin,0
3829,ac,SANYO,三洋,new_ac,irda_new_ac_6502.bin,0
8649,ac,SANYO,三洋,new_ac,irda_new_ac_11217.bin,0
9572,ac,SANYO,三洋,new_ac,irda_new_ac_6037.bin,0
9573,ac,SANYO,三洋,new_ac,irda_new_ac_6042.bin,0
9577,ac,SANYO,三洋,new_ac,irda_new_ac_6052.bin,0
11096,ac,SANYO,三洋,new_ac,irda_new_ac_10010.bin,0
12707,ac,SANYO,三洋,new_ac,irda_new_ac_10021.bin,0
12920,ac,SANYO,三洋,new_ac,irda_new_ac_25034.bin,0
3830,ac,ChangLing,长岭,new_ac,irda_new_ac_3187.bin,0
3831,ac,ChangLing,长岭,new_ac,irda_new_ac_3022.bin,0
3832,ac,ChangLing,长岭,new_ac,irda_new_ac_3327.bin,0
3833,ac,ChangLing,长岭,new_ac,irda_new_ac_2807.bin,0
3834,ac,ChangLing,长岭,new_ac,irda_new_ac_3172.bin,0
3835,ac,ChangLing,长岭,new_ac,irda_new_ac_2992.bin,0
3836,ac,ChangLing,长岭,new_ac,irda_new_ac_3237.bin,0
3837,ac,ChangLing,长岭,new_ac,irda_new_ac_3007.bin,0
3839,ac,Carrier,开利,new_ac,irda_new_ac_3472.bin,0
3840,ac,Carrier,开利,new_ac,irda_new_ac_3442.bin,0
3841,ac,Carrier,开利,new_ac,irda_new_ac_2807.bin,0
3842,ac,Carrier,开利,new_ac,irda_new_ac_3387.bin,0
3843,ac,Carrier,开利,new_ac,irda_new_ac_3392.bin,0
3844,ac,Carrier,开利,new_ac,irda_new_ac_3402.bin,0
3845,ac,Carrier,开利,new_ac,irda_new_ac_3412.bin,0
3846,ac,Carrier,开利,new_ac,irda_new_ac_3457.bin,0
9824,ac,Carrier,开利,new_ac,irda_new_ac_11707.bin,0
9825,ac,Carrier,开利,new_ac,irda_new_ac_11272.bin,0
11254,ac,Carrier,开利,new_ac,irda_new_ac_12265.bin,0
3847,ac,AOLI,奥力,new_ac,irda_new_ac_2807.bin,0
3848,ac,AOLI,奥力,new_ac,irda_new_ac_3387.bin,0
9826,ac,AOLI,奥力,new_ac,irda_new_ac_11272.bin,0
9827,ac,AOLI,奥力,new_ac,irda_new_ac_11277.bin,0
3850,ac,AoKe,澳科,new_ac,irda_new_ac_3657.bin,0
3851,ac,AoKe,澳科,new_ac,irda_new_ac_3037.bin,0
3852,ac,AoKe,澳科,new_ac,irda_new_ac_3327.bin,0
3853,ac,AoKe,澳科,new_ac,irda_new_ac_2807.bin,0
3854,ac,Bai Xue,白雪,new_ac,irda_new_ac_3657.bin,0
3855,ac,Bai Xue,白雪,new_ac,irda_new_ac_3327.bin,0
3856,ac,Bai Xue,白雪,new_ac,irda_new_ac_2807.bin,0
3857,ac,BeiJing Jing Dian,北京京电,new_ac,irda_new_ac_3702.bin,0
3858,ac,BeiJing Jing Dian,北京京电,new_ac,irda_new_ac_2807.bin,0
3859,ac,Boerka,波尔卡,new_ac,irda_new_ac_4187.bin,0
3860,ac,Boerka,波尔卡,new_ac,irda_new_ac_2807.bin,0
3861,ac,Boerka,波尔卡,new_ac,irda_new_ac_3727.bin,0
9828,ac,Boerka,波尔卡,new_ac,irda_new_ac_1682.bin,0
11255,ac,Boerka,波尔卡,new_ac,irda_new_ac_2609.bin,0
3862,ac,DAEWOO,大宇,new_ac,irda_new_ac_3327.bin,0
3863,ac,DAEWOO,大宇,new_ac,irda_new_ac_2807.bin,0
3864,ac,DAEWOO,大宇,new_ac,irda_new_ac_3022.bin,0
9829,ac,DAEWOO,大宇,new_ac,irda_new_ac_4872.bin,0
11256,ac,DAEWOO,大宇,new_ac,irda_new_ac_11272.bin,0
3866,ac,PHILCO,飞歌,new_ac,irda_new_ac_2807.bin,0
3867,ac,PHILCO,飞歌,new_ac,irda_new_ac_77.bin,0
3868,ac,PHILCO,飞歌,new_ac,irda_new_ac_657.bin,0
3869,ac,Flying Deer,飞鹿,new_ac,irda_new_ac_2807.bin,0
3870,ac,Flying Deer,飞鹿,new_ac,irda_new_ac_3327.bin,0
3871,ac,Flying Deer,飞鹿,new_ac,irda_new_ac_3022.bin,0
3872,ac,Flying Deer,飞鹿,new_ac,irda_new_ac_4837.bin,0
3879,ac,FUJITSU,富士通,new_ac,irda_new_ac_2807.bin,0
9830,ac,FUJITSU,富士通,new_ac,irda_new_ac_5602.bin,0
9831,ac,FUJITSU,富士通,new_ac,irda_new_ac_5627.bin,0
9832,ac,FUJITSU,富士通,new_ac,irda_new_ac_5632.bin,0
9833,ac,FUJITSU,富士通,new_ac,irda_new_ac_7107.bin,0
9834,ac,FUJITSU,富士通,new_ac,irda_new_ac_7142.bin,0
9835,ac,FUJITSU,富士通,new_ac,irda_new_ac_7147.bin,0
9836,ac,FUJITSU,富士通,new_ac,irda_new_ac_11692.bin,0
3881,ac,DONGBAO,东宝,new_ac,irda_new_ac_2807.bin,0
3882,ac,DONGBAO,东宝,new_ac,irda_new_ac_6747.bin,0
3883,ac,DONGBAO,东宝,new_ac,irda_new_ac_6752.bin,0
3884,ac,DONGBAO,东宝,new_ac,irda_new_ac_6757.bin,0
3885,ac,DONGBAO,东宝,new_ac,irda_new_ac_4862.bin,0
3886,ac,DONGBAO,东宝,new_ac,irda_new_ac_3727.bin,0
3887,ac,Colorful Star,彩星,new_ac,irda_new_ac_3327.bin,0
3888,ac,Colorful Star,彩星,new_ac,irda_new_ac_577.bin,0
3889,ac,Colorful Star,彩星,new_ac,irda_new_ac_2807.bin,0
3890,ac,Colorful Star,彩星,new_ac,irda_new_ac_3387.bin,0
9837,ac,Colorful Star,彩星,new_ac,irda_new_ac_11272.bin,0
3891,ac,YOFC,长飞,new_ac,irda_new_ac_2807.bin,0
3892,ac,YOFC,长飞,new_ac,irda_new_ac_3387.bin,0
9838,ac,YOFC,长飞,new_ac,irda_new_ac_11272.bin,0
3893,ac,Changfeng,长风,new_ac,irda_new_ac_2807.bin,0
3894,ac,Changfeng,长风,new_ac,irda_new_ac_3387.bin,0
9839,ac,Changfeng,长风,new_ac,irda_new_ac_11272.bin,0
3895,ac,Bo Le,波乐,new_ac,irda_new_ac_3022.bin,0
3896,ac,Bo Le,波乐,new_ac,irda_new_ac_2807.bin,0
3897,ac,Bo Le,波乐,new_ac,irda_new_ac_3387.bin,0
9840,ac,Bo Le,波乐,new_ac,irda_new_ac_11272.bin,0
3898,ac,Bo Shi Gao,波士高,new_ac,irda_new_ac_2807.bin,0
3899,ac,Bo Shi Gao,波士高,new_ac,irda_new_ac_3657.bin,0
3900,ac,Bo Shi Gao,波士高,new_ac,irda_new_ac_3327.bin,0
3901,ac,Bo Shi Gao,波士高,new_ac,irda_new_ac_3387.bin,0
9841,ac,Bo Shi Gao,波士高,new_ac,irda_new_ac_11272.bin,0
3902,ac,BOSCH,博世,new_ac,irda_new_ac_4207.bin,0
3903,ac,BOSCH,博世,new_ac,irda_new_ac_2807.bin,0
3912,ac,Chuang Hua,创华,new_ac,irda_new_ac_2807.bin,0
3913,ac,Chuang Hua,创华,new_ac,irda_new_ac_4247.bin,0
3914,ac,Chuang Hua,创华,new_ac,irda_new_ac_3657.bin,0
3915,ac,Chuang Hua,创华,new_ac,irda_new_ac_3327.bin,0
3916,ac,Chuang Hua,创华,new_ac,irda_new_ac_3022.bin,0
3917,ac,Chuang Hua,创华,new_ac,irda_new_ac_657.bin,0
3918,ac,Gao Lu Hua,高路华,new_ac,irda_new_ac_2807.bin,0
3919,ac,Gao Lu Hua,高路华,new_ac,irda_new_ac_4247.bin,0
3920,ac,Gao Lu Hua,高路华,new_ac,irda_new_ac_3657.bin,0
3921,ac,Gao Lu Hua,高路华,new_ac,irda_new_ac_3042.bin,0
3922,ac,Gao Lu Hua,高路华,new_ac,irda_new_ac_3022.bin,0
3923,ac,Gao Lu Hua,高路华,new_ac,irda_new_ac_3327.bin,0
3924,ac,Gao Lu Hua,高路华,new_ac,irda_new_ac_4302.bin,0
3925,ac,HUA BAO,华宝,new_ac,irda_new_ac_2807.bin,0
3926,ac,HUA BAO,华宝,new_ac,irda_new_ac_4217.bin,0
3927,ac,HUA BAO,华宝,new_ac,irda_new_ac_4297.bin,0
11258,ac,HUA BAO,华宝,new_ac,irda_new_ac_11797.bin,0
3928,ac,TECO,东元,new_ac,irda_new_ac_2807.bin,0
3929,ac,TECO,东元,new_ac,irda_new_ac_562.bin,0
9844,ac,TECO,东元,new_ac,irda_new_ac_777.bin,0
13037,ac,TECO,东元,new_ac,irda_new_ac_25103.bin,0
13038,ac,TECO,东元,new_ac,irda_new_ac_25104.bin,0
13039,ac,TECO,东元,new_ac,irda_new_ac_25105.bin,0
13040,ac,TECO,东元,new_ac,irda_new_ac_25106.bin,0
13041,ac,TECO,东元,new_ac,irda_new_ac_25107.bin,0
13042,ac,TECO,东元,new_ac,irda_new_ac_25108.bin,0
13043,ac,TECO,东元,new_ac,irda_new_ac_25109.bin,0
13044,ac,TECO,东元,new_ac,irda_new_ac_25110.bin,0
13045,ac,TECO,东元,new_ac,irda_new_ac_25111.bin,0
13046,ac,TECO,东元,new_ac,irda_new_ac_25112.bin,0
13047,ac,TECO,东元,new_ac,irda_new_ac_25113.bin,0
13048,ac,TECO,东元,new_ac,irda_new_ac_25114.bin,0
13049,ac,TECO,东元,new_ac,irda_new_ac_25115.bin,0
3930,ac,XIN RI DIAN,日电,new_ac,irda_new_ac_2807.bin,0
3931,ac,XIN RI DIAN,日电,new_ac,irda_new_ac_4512.bin,0
3932,ac,XIN RI DIAN,日电,new_ac,irda_new_ac_5192.bin,0
3933,ac,XIN RI DIAN,日电,new_ac,irda_new_ac_5222.bin,0
3934,ac,XIN RI DIAN,日电,new_ac,irda_new_ac_5237.bin,0
3935,ac,AITE,爱特,new_ac,irda_new_ac_2807.bin,0
3936,ac,AITE,爱特,new_ac,irda_new_ac_4522.bin,0
3937,ac,AITE,爱特,new_ac,irda_new_ac_3657.bin,0
3938,ac,AITE,爱特,new_ac,irda_new_ac_3327.bin,0
11501,ac,AITE,爱特,new_ac,irda_new_ac_4562.bin,0
3939,ac,DAO TIAN,稻田,new_ac,irda_new_ac_2807.bin,0
3940,ac,DAO TIAN,稻田,new_ac,irda_new_ac_3657.bin,0
3941,ac,DAO TIAN,稻田,new_ac,irda_new_ac_3022.bin,0
3942,ac,DAO TIAN,稻田,new_ac,irda_new_ac_3327.bin,0
3943,ac,JIN XING,金星,new_ac,irda_new_ac_2807.bin,0
3944,ac,JIN XING,金星,new_ac,irda_new_ac_3577.bin,0
11259,ac,JIN XING,金星,new_ac,irda_new_ac_3482.bin,0
3945,ac,Dipal,迪帕尔,new_ac,irda_new_ac_2807.bin,0
3946,ac,Dipal,迪帕尔,new_ac,irda_new_ac_4727.bin,0
3947,ac,Dipal,迪帕尔,new_ac,irda_new_ac_3327.bin,0
3948,ac,Dipal,迪帕尔,new_ac,irda_new_ac_4247.bin,0
3949,ac,Dipal,迪帕尔,new_ac,irda_new_ac_5582.bin,0
3950,ac,DONG AO,东澳,new_ac,irda_new_ac_2807.bin,0
3951,ac,DONG AO,东澳,new_ac,irda_new_ac_3327.bin,0
3952,ac,DONG AO,东澳,new_ac,irda_new_ac_4247.bin,0
3953,ac,DONG AO,东澳,new_ac,irda_new_ac_3022.bin,0
3954,ac,DONG AO,东澳,new_ac,irda_new_ac_4727.bin,0
3955,ac,DONG AO,东澳,new_ac,irda_new_ac_5582.bin,0
3956,ac,DONG XIA,冬夏,new_ac,irda_new_ac_2807.bin,0
3957,ac,DONG XIA,冬夏,new_ac,irda_new_ac_3387.bin,0
3958,ac,DONG XIA,冬夏,new_ac,irda_new_ac_3657.bin,0
3959,ac,DONG XIA,冬夏,new_ac,irda_new_ac_3327.bin,0
3960,ac,DONG XIA,冬夏,new_ac,irda_new_ac_3022.bin,0
3961,ac,SAST,先科,new_ac,irda_new_ac_2807.bin,0
3962,ac,SAST,先科,new_ac,irda_new_ac_3657.bin,0
3963,ac,SAST,先科,new_ac,irda_new_ac_3327.bin,0
3964,ac,SAST,先科,new_ac,irda_new_ac_3022.bin,0
3965,ac,DONG XIN BAO,东新宝,new_ac,irda_new_ac_2807.bin,0
3966,ac,DONG XIN BAO,东新宝,new_ac,irda_new_ac_3727.bin,0
3967,ac,DONG XIN BAO,东新宝,new_ac,irda_new_ac_5597.bin,0
11260,ac,DONG XIN BAO,东新宝,new_ac,irda_new_ac_2952.bin,0
11261,ac,DONG XIN BAO,东新宝,new_ac,irda_new_ac_4187.bin,0
3968,ac,DUN AN,盾安,new_ac,irda_new_ac_2807.bin,0
3969,ac,DUN AN,盾安,new_ac,irda_new_ac_3387.bin,0
3970,ac,DUN AN,盾安,new_ac,irda_new_ac_3022.bin,0
3971,ac,FA LAN BAO,法兰宝,new_ac,irda_new_ac_2807.bin,0
3972,ac,FA LAN BAO,法兰宝,new_ac,irda_new_ac_3327.bin,0
3973,ac,FA LAN BAO,法兰宝,new_ac,irda_new_ac_4727.bin,0
9847,ac,FA LAN BAO,法兰宝,new_ac,irda_new_ac_5602.bin,0
9848,ac,FA LAN BAO,法兰宝,new_ac,irda_new_ac_5627.bin,0
9849,ac,FA LAN BAO,法兰宝,new_ac,irda_new_ac_5632.bin,0
3977,ac,Geer,格尔,new_ac,irda_new_ac_3657.bin,0
3978,ac,Geer,格尔,new_ac,irda_new_ac_2807.bin,0
3979,ac,Geer,格尔,new_ac,irda_new_ac_3327.bin,0
3980,ac,Geer,格尔,new_ac,irda_new_ac_3022.bin,0
3981,ac,NEI TIAN,内田,new_ac,irda_new_ac_2807.bin,0
11262,ac,NEI TIAN,内田,new_ac,irda_new_ac_5412.bin,0
11263,ac,NEI TIAN,内田,new_ac,irda_new_ac_5247.bin,0
11264,ac,NEI TIAN,内田,new_ac,irda_new_ac_5287.bin,0
11265,ac,NEI TIAN,内田,new_ac,irda_new_ac_5292.bin,0
11266,ac,NEI TIAN,内田,new_ac,irda_new_ac_5332.bin,0
11267,ac,NEI TIAN,内田,new_ac,irda_new_ac_5337.bin,0
11268,ac,NEI TIAN,内田,new_ac,irda_new_ac_5377.bin,0
11269,ac,NEI TIAN,内田,new_ac,irda_new_ac_5387.bin,0
11270,ac,NEI TIAN,内田,new_ac,irda_new_ac_5397.bin,0
11271,ac,NEI TIAN,内田,new_ac,irda_new_ac_5417.bin,0
11272,ac,NEI TIAN,内田,new_ac,irda_new_ac_5447.bin,0
11273,ac,NEI TIAN,内田,new_ac,irda_new_ac_5477.bin,0
11274,ac,NEI TIAN,内田,new_ac,irda_new_ac_5507.bin,0
11275,ac,NEI TIAN,内田,new_ac,irda_new_ac_5517.bin,0
11276,ac,NEI TIAN,内田,new_ac,irda_new_ac_3268.bin,0
11277,ac,NEI TIAN,内田,new_ac,irda_new_ac_3236.bin,0
3982,ac,DA JIN XING,大金星,new_ac,irda_new_ac_2807.bin,0
3983,ac,DA JIN XING,大金星,new_ac,irda_new_ac_3657.bin,0
3984,ac,DA JIN XING,大金星,new_ac,irda_new_ac_3327.bin,0
3985,ac,DA JIN XING,大金星,new_ac,irda_new_ac_3022.bin,0
3986,ac,Ge Yang,格阳,new_ac,irda_new_ac_2807.bin,0
3987,ac,Ge Yang,格阳,new_ac,irda_new_ac_4727.bin,0
3988,ac,Ge Yang,格阳,new_ac,irda_new_ac_3327.bin,0
3989,ac,Ge Yang,格阳,new_ac,irda_new_ac_4247.bin,0
3990,ac,Ge Yang,格阳,new_ac,irda_new_ac_5582.bin,0
3991,ac,Guang Da,光大,new_ac,irda_new_ac_2807.bin,0
3992,ac,Guang Da,光大,new_ac,irda_new_ac_4247.bin,0
3993,ac,Guang Da,光大,new_ac,irda_new_ac_3657.bin,0
3994,ac,Guang Da,光大,new_ac,irda_new_ac_3327.bin,0
3995,ac,Guang Da,光大,new_ac,irda_new_ac_3022.bin,0
3996,ac,GU QIAO,古桥,new_ac,irda_new_ac_2807.bin,0
3997,ac,GU QIAO,古桥,new_ac,irda_new_ac_3067.bin,0
3998,ac,GU QIAO,古桥,new_ac,irda_new_ac_3167.bin,0
11278,ac,GU QIAO,古桥,new_ac,irda_new_ac_4837.bin,0
3999,ac,HUA GAO,华高,new_ac,irda_new_ac_2807.bin,0
4000,ac,HUA GAO,华高,new_ac,irda_new_ac_4727.bin,0
4001,ac,HUA GAO,华高,new_ac,irda_new_ac_3327.bin,0
4002,ac,HUA GAO,华高,new_ac,irda_new_ac_4247.bin,0
4003,ac,HUA GAO,华高,new_ac,irda_new_ac_5582.bin,0
12516,ac,HUA GAO,华高,new_ac,irda_new_ac_3266.bin,0
12517,ac,HUA GAO,华高,new_ac,irda_new_ac_11272.bin,0
12518,ac,HUA GAO,华高,new_ac,irda_new_ac_3203.bin,0
12519,ac,HUA GAO,华高,new_ac,irda_new_ac_3200.bin,0
12520,ac,HUA GAO,华高,new_ac,irda_new_ac_77.bin,0
12521,ac,HUA GAO,华高,new_ac,irda_new_ac_11797.bin,0
4004,ac,HUA KE,华科,new_ac,irda_new_ac_2807.bin,0
4005,ac,HUA KE,华科,new_ac,irda_new_ac_5662.bin,0
4006,ac,HUA MEI,华美,new_ac,irda_new_ac_2807.bin,0
11279,ac,HUA MEI,华美,new_ac,irda_new_ac_5667.bin,0
11280,ac,HUA MEI,华美,new_ac,irda_new_ac_3472.bin,0
4007,ac,Huang He,黄河,new_ac,irda_new_ac_2807.bin,0
4008,ac,Huang He,黄河,new_ac,irda_new_ac_5672.bin,0
4009,ac,Huang He,黄河,new_ac,irda_new_ac_3067.bin,0
4010,ac,Hui Feng,汇丰,new_ac,irda_new_ac_2807.bin,0
4011,ac,Hui Feng,汇丰,new_ac,irda_new_ac_5682.bin,0
4012,ac,Hui Feng,汇丰,new_ac,irda_new_ac_5687.bin,0
4013,ac,Hui Feng,汇丰,new_ac,irda_new_ac_5692.bin,0
4014,ac,Hui Feng,汇丰,new_ac,irda_new_ac_4627.bin,0
4015,ac,Hui Feng,汇丰,new_ac,irda_new_ac_3327.bin,0
4016,ac,Hui Feng,汇丰,new_ac,irda_new_ac_4247.bin,0
4017,ac,Hui Feng,汇丰,new_ac,irda_new_ac_3022.bin,0
4018,ac,Ying Yan,迎燕,new_ac,irda_new_ac_3327.bin,0
4019,ac,Ying Yan,迎燕,new_ac,irda_new_ac_3387.bin,0
4020,ac,Ying Yan,迎燕,new_ac,irda_new_ac_4247.bin,0
4021,ac,Ying Yan,迎燕,new_ac,irda_new_ac_5582.bin,0
4022,ac,Ying Yan,迎燕,new_ac,irda_new_ac_2807.bin,0
4023,ac,Ying Yan,迎燕,new_ac,irda_new_ac_5702.bin,0
4024,ac,Ying Yan,迎燕,new_ac,irda_new_ac_5717.bin,0
4025,ac,Ying Yan,迎燕,new_ac,irda_new_ac_3022.bin,0
4026,ac,Ying Yan,迎燕,new_ac,irda_new_ac_3037.bin,0
9850,ac,Ying Yan,迎燕,new_ac,irda_new_ac_11272.bin,0
9851,ac,Ying Yan,迎燕,new_ac,irda_new_ac_5727.bin,0
4028,ac,Jia LE,佳乐,new_ac,irda_new_ac_2807.bin,0
4029,ac,Jia LE,佳乐,new_ac,irda_new_ac_5742.bin,0
4030,ac,Jiang Cheng,江成,new_ac,irda_new_ac_2807.bin,0
4031,ac,Jiang Cheng,江成,new_ac,irda_new_ac_4727.bin,0
4032,ac,Jiang Cheng,江成,new_ac,irda_new_ac_3327.bin,0
4033,ac,Jiang Cheng,江成,new_ac,irda_new_ac_4247.bin,0
4034,ac,Jiang Cheng,江成,new_ac,irda_new_ac_5582.bin,0
4035,ac,Jmstar,杰士达,new_ac,irda_new_ac_3387.bin,0
4036,ac,Jmstar,杰士达,new_ac,irda_new_ac_2807.bin,0
4037,ac,Jmstar,杰士达,new_ac,irda_new_ac_3022.bin,0
9852,ac,Jmstar,杰士达,new_ac,irda_new_ac_11272.bin,0
4038,ac,Golden Bei Jing,金北京,new_ac,irda_new_ac_2807.bin,0
11281,ac,Golden Bei Jing,金北京,new_ac,irda_new_ac_5767.bin,0
4039,ac,Golen Deer,金鹿,new_ac,irda_new_ac_2807.bin,0
4040,ac,Golen Deer,金鹿,new_ac,irda_new_ac_4727.bin,0
4041,ac,Golen Deer,金鹿,new_ac,irda_new_ac_3327.bin,0
4042,ac,Golen Deer,金鹿,new_ac,irda_new_ac_4247.bin,0
4043,ac,Golen Deer,金鹿,new_ac,irda_new_ac_5582.bin,0
4044,ac,Jin Song,金松,new_ac,irda_new_ac_2807.bin,0
4045,ac,Jin Song,金松,new_ac,irda_new_ac_5777.bin,0
4046,ac,Jin Song,金松,new_ac,irda_new_ac_5802.bin,0
4047,ac,Jin Song,金松,new_ac,irda_new_ac_3727.bin,0
4048,ac,Ji Chuan,吉川,new_ac,irda_new_ac_2807.bin,0
4049,ac,Ji Chuan,吉川,new_ac,irda_new_ac_4727.bin,0
4050,ac,Ji Chuan,吉川,new_ac,irda_new_ac_3327.bin,0
4051,ac,Ji Chuan,吉川,new_ac,irda_new_ac_4247.bin,0
4052,ac,Ji Chuan,吉川,new_ac,irda_new_ac_5582.bin,0
4053,ac,Kang Li,康丽,new_ac,irda_new_ac_2807.bin,0
4054,ac,Kang Li,康丽,new_ac,irda_new_ac_6372.bin,0
4055,ac,Kang Li,康丽,new_ac,irda_new_ac_6382.bin,0
4056,ac,Kang Li,康丽,new_ac,irda_new_ac_6422.bin,0
4057,ac,Ke er,科尔,new_ac,irda_new_ac_2807.bin,0
4058,ac,Ke er,科尔,new_ac,irda_new_ac_4727.bin,0
4059,ac,Ke er,科尔,new_ac,irda_new_ac_3327.bin,0
4060,ac,Ke er,科尔,new_ac,irda_new_ac_4247.bin,0
4061,ac,Ke er,科尔,new_ac,irda_new_ac_5582.bin,0
4062,ac,Ke Ming,科明,new_ac,irda_new_ac_2807.bin,0
4063,ac,Ke Ming,科明,new_ac,irda_new_ac_3327.bin,0
4064,ac,Ke Ming,科明,new_ac,irda_new_ac_4727.bin,0
4065,ac,Ke Ming,科明,new_ac,irda_new_ac_4247.bin,0
4066,ac,Ke Ming,科明,new_ac,irda_new_ac_5582.bin,0
4067,ac,Macwhite,麦克维,new_ac,irda_new_ac_2807.bin,0
4068,ac,Macwhite,麦克维,new_ac,irda_new_ac_6032.bin,0
4069,ac,Lang Ge,朗歌,new_ac,irda_new_ac_2807.bin,0
4070,ac,Lang Ge,朗歌,new_ac,irda_new_ac_4727.bin,0
4071,ac,Lang Ge,朗歌,new_ac,irda_new_ac_3327.bin,0
4072,ac,Lang Ge,朗歌,new_ac,irda_new_ac_4247.bin,0
4073,ac,Lang Ge,朗歌,new_ac,irda_new_ac_5582.bin,0
4074,ac,Mei Dian,美典,new_ac,irda_new_ac_2807.bin,0
4075,ac,Mei Dian,美典,new_ac,irda_new_ac_4727.bin,0
4076,ac,Mei Dian,美典,new_ac,irda_new_ac_3327.bin,0
4077,ac,Mei Dian,美典,new_ac,irda_new_ac_4247.bin,0
4078,ac,Mei Dian,美典,new_ac,irda_new_ac_5582.bin,0
4079,ac,Mei Ling,美灵,new_ac,irda_new_ac_2807.bin,0
4080,ac,Mei Ling,美灵,new_ac,irda_new_ac_3412.bin,0
4081,ac,Mei Ling,美灵,new_ac,irda_new_ac_3442.bin,0
4082,ac,Ming Yi,名亿,new_ac,irda_new_ac_2807.bin,0
4083,ac,Ming Yi,名亿,new_ac,irda_new_ac_4727.bin,0
4084,ac,Ming Yi,名亿,new_ac,irda_new_ac_3327.bin,0
4085,ac,Ming Yi,名亿,new_ac,irda_new_ac_4247.bin,0
4086,ac,Ming Yi,名亿,new_ac,irda_new_ac_5582.bin,0
4087,ac,QI DI,奇迪,new_ac,irda_new_ac_2807.bin,0
4088,ac,Lanbo,蓝波,new_ac,irda_new_ac_2807.bin,0
4089,ac,Lanbo,蓝波,new_ac,irda_new_ac_6047.bin,0
4090,ac,Lanbo,蓝波,new_ac,irda_new_ac_6057.bin,0
4091,ac,Lanbo,蓝波,new_ac,irda_new_ac_6062.bin,0
4092,ac,Lanbo,蓝波,new_ac,irda_new_ac_4667.bin,0
4094,ac,Lanbo,蓝波,new_ac,irda_new_ac_6647.bin,0
4095,ac,Lanbo,蓝波,new_ac,irda_new_ac_6652.bin,0
4097,ac,Lanbo,蓝波,new_ac,irda_new_ac_4712.bin,0
9853,ac,Lanbo,蓝波,new_ac,irda_new_ac_6082.bin,0
9854,ac,Lanbo,蓝波,new_ac,irda_new_ac_6662.bin,0
9855,ac,Lanbo,蓝波,new_ac,irda_new_ac_7887.bin,0
9856,ac,Lanbo,蓝波,new_ac,irda_new_ac_7892.bin,0
11291,ac,Lanbo,蓝波,new_ac,irda_new_ac_5387.bin,0
11292,ac,Lanbo,蓝波,new_ac,irda_new_ac_5507.bin,0
12522,ac,Lanbo,蓝波,new_ac,irda_new_ac_5997.bin,0
4100,ac,GuoJi,国际,new_ac,irda_new_ac_4837.bin,0
4101,ac,GuoJi,国际,new_ac,irda_new_ac_2807.bin,0
4102,ac,GuoJi,国际,new_ac,irda_new_ac_3067.bin,0
4103,ac,GuoJi,国际,new_ac,irda_new_ac_5987.bin,0
4104,ac,Ri Cai,日彩,new_ac,irda_new_ac_2807.bin,0
4105,ac,Ri Cai,日彩,new_ac,irda_new_ac_3022.bin,0
4106,ac,Ri Jiang,日江,new_ac,irda_new_ac_2807.bin,0
4107,ac,Ri Jiang,日江,new_ac,irda_new_ac_5582.bin,0
4108,ac,Ri Jiang,日江,new_ac,irda_new_ac_3022.bin,0
4109,ac,Three Diamonds,三钻,new_ac,irda_new_ac_2807.bin,0
4110,ac,Three Diamonds,三钻,new_ac,irda_new_ac_3387.bin,0
9857,ac,Three Diamonds,三钻,new_ac,irda_new_ac_11272.bin,0
12523,ac,Three Diamonds,三钻,new_ac,irda_new_ac_6737.bin,0
4111,ac,Shang Ling,上菱,new_ac,irda_new_ac_2807.bin,0
4112,ac,Shang Ling,上菱,new_ac,irda_new_ac_6682.bin,0
4113,ac,Shang Ling,上菱,new_ac,irda_new_ac_6692.bin,0
4114,ac,Shang Ling,上菱,new_ac,irda_new_ac_6702.bin,0
4115,ac,Shang Ling,上菱,new_ac,irda_new_ac_3022.bin,0
9858,ac,Shang Ling,上菱,new_ac,irda_new_ac_11752.bin,0
4116,ac,Shen Bao,绅宝,new_ac,irda_new_ac_2807.bin,0
4117,ac,Shen Bao,绅宝,new_ac,irda_new_ac_3657.bin,0
4118,ac,Shen Bao,绅宝,new_ac,irda_new_ac_3327.bin,0
4119,ac,Sheng Feng,胜风,new_ac,irda_new_ac_2807.bin,0
4120,ac,Sheng Feng,胜风,new_ac,irda_new_ac_4837.bin,0
4121,ac,Shuai Kang,帅康,new_ac,irda_new_ac_2807.bin,0
4122,ac,Shuai Kang,帅康,new_ac,irda_new_ac_3387.bin,0
4123,ac,Shuai Kang,帅康,new_ac,irda_new_ac_3022.bin,0
9859,ac,Shuai Kang,帅康,new_ac,irda_new_ac_11272.bin,0
4124,ac,Shuang Ling,双菱,new_ac,irda_new_ac_2807.bin,0
4125,ac,Shuang Ling,双菱,new_ac,irda_new_ac_3022.bin,0
4126,ac,Tian Jin,天津,new_ac,irda_new_ac_2807.bin,0
4127,ac,Tian Jin,天津,new_ac,irda_new_ac_6727.bin,0
4128,ac,Tian Yuan,天元,new_ac,irda_new_ac_2807.bin,0
4129,ac,Tian Yuan,天元,new_ac,irda_new_ac_6737.bin,0
4130,ac,Tian Yuan,天元,new_ac,irda_new_ac_3657.bin,0
4131,ac,Tian Yuan,天元,new_ac,irda_new_ac_3022.bin,0
4132,ac,Tian Yuan,天元,new_ac,irda_new_ac_3327.bin,0
4133,ac,Tong Yi,同益,new_ac,irda_new_ac_2807.bin,0
4134,ac,Tong Yi,同益,new_ac,irda_new_ac_4727.bin,0
4135,ac,Tong Yi,同益,new_ac,irda_new_ac_3327.bin,0
4136,ac,Tong Yi,同益,new_ac,irda_new_ac_4247.bin,0
4137,ac,Tong Yi,同益,new_ac,irda_new_ac_5582.bin,0
4138,ac,Wan Bao,万宝,new_ac,irda_new_ac_2807.bin,0
4139,ac,Wan Bao,万宝,new_ac,irda_new_ac_3327.bin,0
4140,ac,Wan Bao,万宝,new_ac,irda_new_ac_3022.bin,0
4141,ac,VATELY,威特利,new_ac,irda_new_ac_2807.bin,0
4142,ac,VATELY,威特利,new_ac,irda_new_ac_3022.bin,0
4143,ac,VATELY,威特利,new_ac,irda_new_ac_3327.bin,0
4144,ac,WUFENG,雾峰,new_ac,irda_new_ac_2807.bin,0
4145,ac,WUFENG,雾峰,new_ac,irda_new_ac_3657.bin,0
4146,ac,WUFENG,雾峰,new_ac,irda_new_ac_3022.bin,0
4147,ac,WUFENG,雾峰,new_ac,irda_new_ac_3327.bin,0
4148,ac,Duckling,小鸭,new_ac,irda_new_ac_2807.bin,0
4149,ac,Duckling,小鸭,new_ac,irda_new_ac_3657.bin,0
4150,ac,Duckling,小鸭,new_ac,irda_new_ac_3022.bin,0
4151,ac,Duckling,小鸭,new_ac,irda_new_ac_3327.bin,0
4152,ac,Xia Yang,夏洋,new_ac,irda_new_ac_2807.bin,0
4153,ac,Xia Yang,夏洋,new_ac,irda_new_ac_4727.bin,0
4154,ac,Xia Yang,夏洋,new_ac,irda_new_ac_3327.bin,0
4155,ac,Xia Yang,夏洋,new_ac,irda_new_ac_4247.bin,0
4156,ac,Xia Yang,夏洋,new_ac,irda_new_ac_5582.bin,0
4157,ac,West Cool,西冷,new_ac,irda_new_ac_2807.bin,0
4158,ac,West Cool,西冷,new_ac,irda_new_ac_4837.bin,0
4159,ac,West Cool,西冷,new_ac,irda_new_ac_577.bin,0
4160,ac,West Cool,西冷,new_ac,irda_new_ac_5402.bin,0
4161,ac,Frestec,新飞,new_ac,irda_new_ac_11247.bin,0
4162,ac,Frestec,新飞,new_ac,irda_new_ac_3327.bin,0
4163,ac,Frestec,新飞,new_ac,irda_new_ac_2807.bin,0
4164,ac,Frestec,新飞,new_ac,irda_new_ac_3387.bin,0
4165,ac,Frestec,新飞,new_ac,irda_new_ac_3022.bin,0
9860,ac,Frestec,新飞,new_ac,irda_new_ac_11272.bin,0
4166,ac,Yao Ma,耀马,new_ac,irda_new_ac_2807.bin,0
4167,ac,Yao Ma,耀马,new_ac,irda_new_ac_3387.bin,0
4168,ac,Yao Ma,耀马,new_ac,irda_new_ac_3022.bin,0
9861,ac,Yao Ma,耀马,new_ac,irda_new_ac_11272.bin,0
4169,ac,York,约克,new_ac,irda_new_ac_9377.bin,0
4170,ac,York,约克,new_ac,irda_new_ac_10707.bin,0
4171,ac,York,约克,new_ac,irda_new_ac_2807.bin,0
4172,ac,York,约克,new_ac,irda_new_ac_4247.bin,0
4173,ac,York,约克,new_ac,irda_new_ac_2032.bin,0
4174,ac,York,约克,new_ac,irda_new_ac_7242.bin,0
9862,ac,York,约克,new_ac,irda_new_ac_5277.bin,0
12524,ac,York,约克,new_ac,irda_new_ac_4628.bin,0
4175,ac,YueTu,月兔,new_ac,irda_new_ac_2807.bin,0
4176,ac,YueTu,月兔,new_ac,irda_new_ac_4837.bin,0
4177,ac,YueTu,月兔,new_ac,irda_new_ac_4847.bin,0
4178,ac,YueTu,月兔,new_ac,irda_new_ac_6737.bin,0
4179,ac,YueTu,月兔,new_ac,irda_new_ac_6777.bin,0
4180,ac,YueTu,月兔,new_ac,irda_new_ac_6782.bin,0
4181,ac,YueTu,月兔,new_ac,irda_new_ac_6787.bin,0
4182,ac,YueTu,月兔,new_ac,irda_new_ac_6792.bin,0
4183,ac,YueTu,月兔,new_ac,irda_new_ac_3022.bin,0
4184,ac,YueTu,月兔,new_ac,irda_new_ac_6797.bin,0
4185,ac,JinDa,金达,new_ac,irda_new_ac_2807.bin,0
4186,ac,JinDa,金达,new_ac,irda_new_ac_6802.bin,0
4187,ac,Zhong Yi,中意,new_ac,irda_new_ac_2807.bin,0
4188,ac,Zhong Yi,中意,new_ac,irda_new_ac_4627.bin,0
4189,ac,Zuo Dan,佐丹,new_ac,irda_new_ac_2807.bin,0
4190,ac,Zuo Dan,佐丹,new_ac,irda_new_ac_3657.bin,0
4191,ac,Chang Gu,长谷,new_ac,irda_new_ac_2807.bin,0
4192,ac,Chang Gu,长谷,new_ac,irda_new_ac_77.bin,0
4193,ac,TOYO,东洋汇丰,new_ac,irda_new_ac_2807.bin,0
4194,ac,TOYO,东洋汇丰,new_ac,irda_new_ac_4627.bin,0
4195,ac,TOYO,东洋汇丰,new_ac,irda_new_ac_3327.bin,0
4196,ac,TOYO,东洋汇丰,new_ac,irda_new_ac_4247.bin,0
4197,ac,TOYO,东洋汇丰,new_ac,irda_new_ac_3022.bin,0
4198,ac,HiCon,惠康,new_ac,irda_new_ac_2807.bin,0
4199,ac,HiCon,惠康,new_ac,irda_new_ac_4247.bin,0
4200,ac,Shan Xing,山星,new_ac,irda_new_ac_2807.bin,0
4201,ac,Xing He,星河,new_ac,irda_new_ac_2807.bin,0
4202,ac,Xing He,星河,new_ac,irda_new_ac_3327.bin,0
4203,ac,Xing He,星河,new_ac,irda_new_ac_3022.bin,0
4204,ac,LIKAIER,利凯尔,new_ac,irda_new_ac_2807.bin,0
4205,ac,LIKAIER,利凯尔,new_ac,irda_new_ac_3327.bin,0
4206,ac,LIKAIER,利凯尔,new_ac,irda_new_ac_3022.bin,0
4207,ac,Shuai Bao,帅宝,new_ac,irda_new_ac_2807.bin,0
4208,ac,Shuai Bao,帅宝,new_ac,irda_new_ac_3327.bin,0
4209,ac,Shuai Bao,帅宝,new_ac,irda_new_ac_3022.bin,0
4210,ac,Liang Yu,凉宇,new_ac,irda_new_ac_2807.bin,0
4211,ac,Liang Yu,凉宇,new_ac,irda_new_ac_3387.bin,0
9863,ac,Liang Yu,凉宇,new_ac,irda_new_ac_11272.bin,0
4212,ac,Akira,Akira,new_ac,irda_new_ac_2807.bin,0
4213,ac,Akira,Akira,new_ac,irda_new_ac_1997.bin,0
4214,ac,Akira,Akira,new_ac,irda_new_ac_7172.bin,0
4215,ac,Nikko,Nikko,new_ac,irda_new_ac_2807.bin,0
4216,ac,Nikko,Nikko,new_ac,irda_new_ac_7182.bin,0
4217,ac,Loben-Sebo,Loben-Sebo,new_ac,irda_new_ac_2807.bin,0
4218,ac,Klimatair,Klimatair,new_ac,irda_new_ac_2807.bin,0
12525,ac,Klimatair,Klimatair,new_ac,irda_new_ac_11272.bin,0
12526,ac,Klimatair,Klimatair,new_ac,irda_new_ac_3203.bin,0
12527,ac,Klimatair,Klimatair,new_ac,irda_new_ac_3200.bin,0
12528,ac,Klimatair,Klimatair,new_ac,irda_new_ac_77.bin,0
12529,ac,Klimatair,Klimatair,new_ac,irda_new_ac_11797.bin,0
4219,ac,Shinco,新科,new_ac,irda_new_ac_11092.bin,0
4220,ac,Shinco,新科,new_ac,irda_new_ac_7202.bin,0
4221,ac,Shinco,新科,new_ac,irda_new_ac_3022.bin,0
4222,ac,Shinco,新科,new_ac,irda_new_ac_3657.bin,0
4223,ac,Shinco,新科,new_ac,irda_new_ac_5662.bin,0
4225,ac,Shinco,新科,new_ac,irda_new_ac_2807.bin,0
4226,ac,Shinco,新科,new_ac,irda_new_ac_7247.bin,0
9864,ac,Shinco,新科,new_ac,irda_new_ac_7227.bin,0
4227,ac,Kris,Kris,new_ac,irda_new_ac_2807.bin,0
9588,ac,Kris,Kris,new_ac,irda_new_ac_7207.bin,0
4229,ac,Sen Bao,森宝,new_ac,irda_new_ac_2807.bin,0
4230,ac,Sen Bao,森宝,new_ac,irda_new_ac_3727.bin,0
4231,ac,Hualing,华凌,new_ac,irda_new_ac_10737.bin,0
4232,ac,Hualing,华凌,new_ac,irda_new_ac_7267.bin,0
4233,ac,Hualing,华凌,new_ac,irda_new_ac_5582.bin,0
4234,ac,Hualing,华凌,new_ac,irda_new_ac_2807.bin,0
4235,ac,Hualing,华凌,new_ac,irda_new_ac_5977.bin,0
4236,ac,Hualing,华凌,new_ac,irda_new_ac_5982.bin,0
4237,ac,Hualing,华凌,new_ac,irda_new_ac_3067.bin,0
4238,ac,Hualing,华凌,new_ac,irda_new_ac_3022.bin,0
4239,ac,Hualing,华凌,new_ac,irda_new_ac_7292.bin,0
4240,ac,Hualing,华凌,new_ac,irda_new_ac_7312.bin,0
4241,ac,Hualing,华凌,new_ac,irda_new_ac_7322.bin,0
4242,ac,Hualing,华凌,new_ac,irda_new_ac_7332.bin,0
4245,ac,Hualing,华凌,new_ac,irda_new_ac_11682.bin,0
9865,ac,Hualing,华凌,new_ac,irda_new_ac_7167.bin,0
9866,ac,Hualing,华凌,new_ac,irda_new_ac_7262.bin,0
4246,ac,Uni-Atr,Uni-Atr,new_ac,irda_new_ac_2807.bin,0
4247,ac,Uni-Atr,Uni-Atr,new_ac,irda_new_ac_82.bin,0
4248,ac,Uni-Atr,Uni-Atr,new_ac,irda_new_ac_6422.bin,0
4249,ac,Uni-Atr,Uni-Atr,new_ac,irda_new_ac_6382.bin,0
4250,ac,Saijo-Denki,Saijo-Denki,new_ac,irda_new_ac_2807.bin,0
4251,ac,Saijo-Denki,Saijo-Denki,new_ac,irda_new_ac_3412.bin,0
4252,ac,Alpin,Alpin,new_ac,irda_new_ac_2807.bin,0
11293,ac,Alpin,Alpin,new_ac,irda_new_ac_3472.bin,0
4253,ac,Amcor,Amcor,new_ac,irda_new_ac_2807.bin,0
4254,ac,Amcor,Amcor,new_ac,irda_new_ac_4332.bin,0
4255,ac,Amcor,Amcor,new_ac,irda_new_ac_5837.bin,0
4256,ac,Amcor,Amcor,new_ac,irda_new_ac_5842.bin,0
4257,ac,Amcor,Amcor,new_ac,irda_new_ac_5847.bin,0
4258,ac,Belcor-Classic,Belcor-Classic,new_ac,irda_new_ac_2807.bin,0
4259,ac,YiKE,宜科,new_ac,irda_new_ac_2807.bin,0
4260,ac,YiKE,宜科,new_ac,irda_new_ac_3387.bin,0
9867,ac,YiKE,宜科,new_ac,irda_new_ac_11272.bin,0
4261,ac,Yi Lai Te,以莱特,new_ac,irda_new_ac_2807.bin,0
4262,ac,Yi Lai Te,以莱特,new_ac,irda_new_ac_3327.bin,0
12540,ac,Yi Lai Te,以莱特,new_ac,irda_new_ac_11272.bin,0
12541,ac,Yi Lai Te,以莱特,new_ac,irda_new_ac_3203.bin,0
12542,ac,Yi Lai Te,以莱特,new_ac,irda_new_ac_3200.bin,0
12543,ac,Yi Lai Te,以莱特,new_ac,irda_new_ac_77.bin,0
12544,ac,Yi Lai Te,以莱特,new_ac,irda_new_ac_11797.bin,0
4263,ac,Ojun,Ojun,new_ac,irda_new_ac_2807.bin,0
4264,ac,Ojun,Ojun,new_ac,irda_new_ac_4727.bin,0
4265,ac,Opal,Opal,new_ac,irda_new_ac_2807.bin,0
4266,ac,Starway,Starway,new_ac,irda_new_ac_2807.bin,0
4267,ac,Tadiair,Tadiair,new_ac,irda_new_ac_2807.bin,0
4268,ac,Tadiair,Tadiair,new_ac,irda_new_ac_4332.bin,0
4269,ac,Ge Wei Er,格威尔,new_ac,irda_new_ac_4727.bin,0
4270,ac,Ge Wei Er,格威尔,new_ac,irda_new_ac_3327.bin,0
4271,ac,Ge Wei Er,格威尔,new_ac,irda_new_ac_4247.bin,0
4272,ac,Ge Wei Er,格威尔,new_ac,irda_new_ac_5582.bin,0
4273,ac,Ge Wei Er,格威尔,new_ac,irda_new_ac_2807.bin,0
4274,ac,WeiLi,威力,new_ac,irda_new_ac_7382.bin,0
4275,ac,WeiLi,威力,new_ac,irda_new_ac_7392.bin,0
4276,ac,WeiLi,威力,new_ac,irda_new_ac_6372.bin,0
4278,ac,WeiLi,威力,new_ac,irda_new_ac_3657.bin,0
4279,ac,WeiLi,威力,new_ac,irda_new_ac_3022.bin,0
4280,ac,WeiLi,威力,new_ac,irda_new_ac_3327.bin,0
4281,ac,WeiLi,威力,new_ac,irda_new_ac_7407.bin,0
4282,ac,WeiLi,威力,new_ac,irda_new_ac_82.bin,0
4283,ac,WeiLi,威力,new_ac,irda_new_ac_2807.bin,0
9587,ac,WeiLi,威力,new_ac,irda_new_ac_7207.bin,0
12545,ac,WeiLi,威力,new_ac,irda_new_ac_3200.bin,0
4284,ac,Aidelong,爱德龙,new_ac,irda_new_ac_7427.bin,0
4285,ac,Aidelong,爱德龙,new_ac,irda_new_ac_2807.bin,0
4286,ac,Aidelong,爱德龙,new_ac,irda_new_ac_3327.bin,0
4287,ac,TRANE,特灵,new_ac,irda_new_ac_2807.bin,0
11294,ac,TRANE,特灵,new_ac,irda_new_ac_3472.bin,0
4288,ac,Amico,Amico,new_ac,irda_new_ac_2807.bin,0
4289,ac,SK,索伊,new_ac,irda_new_ac_2807.bin,0
13027,ac,SK,索伊,new_ac,irda_new_ac_25097.bin,0
13028,ac,SK,索伊,new_ac,irda_new_ac_25098.bin,0
13031,ac,SK,索伊,new_ac,irda_new_ac_25100.bin,0
4290,ac,Little Swam,小天鹅,new_ac,irda_new_ac_11667.bin,0
8651,ac,Little Swam,小天鹅,new_ac,irda_new_ac_10737.bin,0
8652,ac,Little Swam,小天鹅,new_ac,irda_new_ac_2807.bin,0
11296,ac,Little Swam,小天鹅,new_ac,irda_new_ac_2609.bin,0
11297,ac,Little Swam,小天鹅,new_ac,irda_new_ac_1682.bin,0
11298,ac,Little Swam,小天鹅,new_ac,irda_new_ac_3727.bin,0
11299,ac,Little Swam,小天鹅,new_ac,irda_new_ac_4187.bin,0
4291,ac,SHENHUA,申花,new_ac,irda_new_ac_11712.bin,0
8650,ac,HYUNDAI,现代,new_ac,irda_new_ac_3232.bin,0
9845,ac,HYUNDAI,现代,new_ac,irda_new_ac_2807.bin,0
9846,ac,HYUNDAI,现代,new_ac,irda_new_ac_3327.bin,0
8653,ac,DETAIL,迪泰尔,new_ac,irda_new_ac_3232.bin,0
8654,ac,Meiboz,美博,new_ac,irda_new_ac_3232.bin,0
8655,ac,Meiboz,美博,new_ac,irda_new_ac_9377.bin,0
8656,ac,Meiboz,美博,new_ac,irda_new_ac_2807.bin,0
8657,ac,COMBINE,康拜恩,new_ac,irda_new_ac_4217.bin,0
11300,ac,COMBINE,康拜恩,new_ac,irda_new_ac_11797.bin,0
12563,ac,COMBINE,康拜恩,new_ac,irda_new_ac_2807.bin,0
8658,ac,Wan Jia Le,万家乐,new_ac,irda_new_ac_4217.bin,0
11301,ac,Wan Jia Le,万家乐,new_ac,irda_new_ac_11797.bin,0
12564,ac,Wan Jia Le,万家乐,new_ac,irda_new_ac_2807.bin,0
12565,ac,Wan Jia Le,万家乐,new_ac,irda_new_ac_11272.bin,0
12566,ac,Wan Jia Le,万家乐,new_ac,irda_new_ac_3203.bin,0
12567,ac,Wan Jia Le,万家乐,new_ac,irda_new_ac_3200.bin,0
12568,ac,Wan Jia Le,万家乐,new_ac,irda_new_ac_77.bin,0
8659,ac,MITSUBISHI,三菱重工,new_ac,irda_new_ac_2807.bin,0
8660,ac,MITSUBISHI,三菱重工,new_ac,irda_new_ac_11002.bin,0
8661,ac,MITSUBISHI,三菱重工,new_ac,irda_new_ac_11047.bin,0
8662,ac,MITSUBISHI,三菱重工,new_ac,irda_new_ac_3232.bin,0
8663,ac,MITSUBISHI,三菱重工,new_ac,irda_new_ac_3037.bin,0
8664,ac,MITSUBISHI,三菱重工,new_ac,irda_new_ac_3042.bin,0
8665,ac,MITSUBISHI,三菱重工,new_ac,irda_new_ac_5357.bin,0
8666,ac,MITSUBISHI,三菱重工,new_ac,irda_new_ac_5772.bin,0
8667,ac,MITSUBISHI,三菱重工,new_ac,irda_new_ac_5737.bin,0
8668,ac,MITSUBISHI,三菱重工,new_ac,irda_new_ac_5787.bin,0
8669,ac,MITSUBISHI,三菱重工,new_ac,irda_new_ac_5792.bin,0
8670,ac,MITSUBISHI,三菱重工,new_ac,irda_new_ac_5817.bin,0
8671,ac,MITSUBISHI,三菱重工,new_ac,irda_new_ac_5822.bin,0
8672,ac,MITSUBISHI,三菱重工,new_ac,irda_new_ac_3022.bin,0
8673,ac,MITSUBISHI,三菱重工,new_ac,irda_new_ac_5857.bin,0
8674,ac,MITSUBISHI,三菱重工,new_ac,irda_new_ac_5887.bin,0
8675,ac,MITSUBISHI,三菱重工,new_ac,irda_new_ac_3702.bin,0
8676,ac,MITSUBISHI,三菱重工,new_ac,irda_new_ac_5352.bin,0
8677,ac,MITSUBISHI,三菱重工,new_ac,irda_new_ac_5832.bin,0
8678,ac,MITSUBISHI,三菱重工,new_ac,irda_new_ac_657.bin,0
8679,ac,MITSUBISHI,三菱重工,new_ac,irda_new_ac_5827.bin,0
8680,ac,MITSUBISHI,三菱重工,new_ac,irda_new_ac_1217.bin,0
8681,ac,MITSUBISHI,三菱重工,new_ac,irda_new_ac_3637.bin,0
8682,ac,MITSUBISHI,三菱重工,new_ac,irda_new_ac_3647.bin,0
9868,ac,MITSUBISHI,三菱重工,new_ac,irda_new_ac_9377.bin,0
11302,ac,MITSUBISHI,三菱重工,new_ac,irda_new_ac_2561.bin,0
12569,ac,MITSUBISHI,三菱重工,new_ac,irda_new_ac_3266.bin,0
8683,ac,MITSUBISHI Electric,三菱电机,new_ac,irda_new_ac_2997.bin,0
8684,ac,MITSUBISHI Electric,三菱电机,new_ac,irda_new_ac_3327.bin,0
8685,ac,MITSUBISHI Electric,三菱电机,new_ac,irda_new_ac_3657.bin,0
8686,ac,MITSUBISHI Electric,三菱电机,new_ac,irda_new_ac_4247.bin,0
8687,ac,MITSUBISHI Electric,三菱电机,new_ac,irda_new_ac_4627.bin,0
8688,ac,MITSUBISHI Electric,三菱电机,new_ac,irda_new_ac_5357.bin,0
8689,ac,MITSUBISHI Electric,三菱电机,new_ac,irda_new_ac_5362.bin,0
8690,ac,MITSUBISHI Electric,三菱电机,new_ac,irda_new_ac_5607.bin,0
8691,ac,MITSUBISHI Electric,三菱电机,new_ac,irda_new_ac_5612.bin,0
8692,ac,MITSUBISHI Electric,三菱电机,new_ac,irda_new_ac_5617.bin,0
8693,ac,MITSUBISHI Electric,三菱电机,new_ac,irda_new_ac_5622.bin,0
8694,ac,MITSUBISHI Electric,三菱电机,new_ac,irda_new_ac_5637.bin,0
8695,ac,MITSUBISHI Electric,三菱电机,new_ac,irda_new_ac_5642.bin,0
8696,ac,MITSUBISHI Electric,三菱电机,new_ac,irda_new_ac_5647.bin,0
8697,ac,MITSUBISHI Electric,三菱电机,new_ac,irda_new_ac_5652.bin,0
8698,ac,MITSUBISHI Electric,三菱电机,new_ac,irda_new_ac_5772.bin,0
8699,ac,MITSUBISHI Electric,三菱电机,new_ac,irda_new_ac_5737.bin,0
8700,ac,MITSUBISHI Electric,三菱电机,new_ac,irda_new_ac_5787.bin,0
8701,ac,MITSUBISHI Electric,三菱电机,new_ac,irda_new_ac_5792.bin,0
8702,ac,MITSUBISHI Electric,三菱电机,new_ac,irda_new_ac_5817.bin,0
8703,ac,MITSUBISHI Electric,三菱电机,new_ac,irda_new_ac_5822.bin,0
8704,ac,MITSUBISHI Electric,三菱电机,new_ac,irda_new_ac_5857.bin,0
8705,ac,MITSUBISHI Electric,三菱电机,new_ac,irda_new_ac_5887.bin,0
8706,ac,MITSUBISHI Electric,三菱电机,new_ac,irda_new_ac_3702.bin,0
8707,ac,MITSUBISHI Electric,三菱电机,new_ac,irda_new_ac_5352.bin,0
8708,ac,MITSUBISHI Electric,三菱电机,new_ac,irda_new_ac_5832.bin,0
8709,ac,MITSUBISHI Electric,三菱电机,new_ac,irda_new_ac_657.bin,0
8710,ac,MITSUBISHI Electric,三菱电机,new_ac,irda_new_ac_5827.bin,0
8711,ac,MITSUBISHI Electric,三菱电机,new_ac,irda_new_ac_3562.bin,0
8712,ac,MITSUBISHI Electric,三菱电机,new_ac,irda_new_ac_3652.bin,0
8713,ac,MITSUBISHI Electric,三菱电机,new_ac,irda_new_ac_3682.bin,0
8714,ac,MITSUBISHI Electric,三菱电机,new_ac,irda_new_ac_3687.bin,0
9869,ac,MITSUBISHI Electric,三菱电机,new_ac,irda_new_ac_2807.bin,0
11303,ac,MITSUBISHI Electric,三菱电机,new_ac,irda_new_ac_12255.bin,0
11304,ac,MITSUBISHI Electric,三菱电机,new_ac,irda_new_ac_2565.bin,0
12298,ac,MITSUBISHI Electric,三菱电机,new_ac,irda_new_ac_10019.bin,0
11286,ac,McQuay,麦克维尔,new_ac,irda_new_ac_6032.bin,0
11287,ac,McQuay,麦克维尔,new_ac,irda_new_ac_2807.bin,0
11288,ac,Meiling,美菱,new_ac,irda_new_ac_2807.bin,0
11289,ac,Meiling,美菱,new_ac,irda_new_ac_3412.bin,0
11290,ac,Meiling,美菱,new_ac,irda_new_ac_3442.bin,0
11282,ac,Kangli,康利,new_ac,irda_new_ac_2807.bin,0
11283,ac,Kangli,康利,new_ac,irda_new_ac_6372.bin,0
11284,ac,Kangli,康利,new_ac,irda_new_ac_6382.bin,0
11285,ac,Kangli,康利,new_ac,irda_new_ac_6422.bin,0
11309,ac,Blue Star,Blue Star,new_ac,irda_new_ac_2556.bin,0
11310,ac,Blue Star,Blue Star,new_ac,irda_new_ac_2607.bin,0
11311,ac,Blue Star,Blue Star,new_ac,irda_new_ac_2807.bin,0
11312,ac,Blue Star,Blue Star,new_ac,irda_new_ac_6032.bin,0
11315,ac,Voltas,Voltas,new_ac,irda_new_ac_2579.bin,0
11316,ac,Voltas,Voltas,new_ac,irda_new_ac_2607.bin,0
11313,ac,Jiangnan,Jiangnan,new_ac,irda_new_ac_3675.bin,0
11314,ac,Jiangnan,Jiangnan,new_ac,irda_new_ac_5227.bin,0
11317,ac,Gibson,Gibson,new_ac,irda_new_ac_777.bin,0
11295,ac,Funai,福奈,new_ac,irda_new_ac_3648.bin,0
11305,ac,FUNIKI,FUNIKI,new_ac,irda_new_ac_12260.bin,0
11306,ac,FUNIKI,FUNIKI,new_ac,irda_new_ac_12265.bin,0
12570,ac,FUNIKI,FUNIKI,new_ac,irda_new_ac_2807.bin,0
12571,ac,FUNIKI,FUNIKI,new_ac,irda_new_ac_11272.bin,0
12572,ac,FUNIKI,FUNIKI,new_ac,irda_new_ac_3203.bin,0
12573,ac,FUNIKI,FUNIKI,new_ac,irda_new_ac_3200.bin,0
12574,ac,FUNIKI,FUNIKI,new_ac,irda_new_ac_77.bin,0
12575,ac,FUNIKI,FUNIKI,new_ac,irda_new_ac_11797.bin,0
11307,ac,Videocon,Videocon,new_ac,irda_new_ac_2555.bin,0
11308,ac,Videocon,Videocon,new_ac,irda_new_ac_3200.bin,0
11498,ac,Jensany,金三洋,new_ac,irda_new_ac_2807.bin,0
11502,ac,Gibson,吉普生,new_ac,irda_new_ac_777.bin,0
12681,ac,Gibson,吉普生,new_ac,irda_new_ac_2807.bin,0
12682,ac,Gibson,吉普生,new_ac,irda_new_ac_11272.bin,0
12683,ac,Gibson,吉普生,new_ac,irda_new_ac_3203.bin,0
12684,ac,Gibson,吉普生,new_ac,irda_new_ac_3200.bin,0
12685,ac,Gibson,吉普生,new_ac,irda_new_ac_77.bin,0
12686,ac,Gibson,吉普生,new_ac,irda_new_ac_11797.bin,0
12259,ac,kolin,歌林,new_ac,irda_new_ac_10015.bin,0
12921,ac,kolin,歌林,new_ac,irda_new_ac_25035.bin,0
12922,ac,kolin,歌林,new_ac,irda_new_ac_25036.bin,0
12923,ac,kolin,歌林,new_ac,irda_new_ac_25037.bin,0
12927,ac,kolin,歌林,new_ac,irda_new_ac_25039.bin,0
12928,ac,kolin,歌林,new_ac,irda_new_ac_25040.bin,0
12932,ac,kolin,歌林,new_ac,irda_new_ac_25041.bin,0
12933,ac,kolin,歌林,new_ac,irda_new_ac_25042.bin,0
12934,ac,kolin,歌林,new_ac,irda_new_ac_25043.bin,0
12935,ac,kolin,歌林,new_ac,irda_new_ac_25038.bin,0
12936,ac,kolin,歌林,new_ac,irda_new_ac_25044.bin,0
12937,ac,kolin,歌林,new_ac,irda_new_ac_25045.bin,0
12938,ac,kolin,歌林,new_ac,irda_new_ac_25046.bin,0
12939,ac,kolin,歌林,new_ac,irda_new_ac_25047.bin,0
12940,ac,kolin,歌林,new_ac,irda_new_ac_25048.bin,0
12942,ac,kolin,歌林,new_ac,irda_new_ac_25050.bin,0
12258,ac,SAMPO,声宝,new_ac,irda_new_ac_10014.bin,0
12926,ac,SAMPO,声宝,new_ac,irda_new_ac_25038.bin,0
12949,ac,SAMPO,声宝,new_ac,irda_new_ac_25058.bin,0
12950,ac,SAMPO,声宝,new_ac,irda_new_ac_25059.bin,0
12951,ac,SAMPO,声宝,new_ac,irda_new_ac_25060.bin,0
12952,ac,SAMPO,声宝,new_ac,irda_new_ac_25061.bin,0
12953,ac,SAMPO,声宝,new_ac,irda_new_ac_25062.bin,0
12955,ac,SAMPO,声宝,new_ac,irda_new_ac_25063.bin,0
12956,ac,SAMPO,声宝,new_ac,irda_new_ac_25064.bin,0
12957,ac,SAMPO,声宝,new_ac,irda_new_ac_25065.bin,0
12959,ac,SAMPO,声宝,new_ac,irda_new_ac_25066.bin,0
12960,ac,SAMPO,声宝,new_ac,irda_new_ac_25067.bin,0
12965,ac,SAMPO,声宝,new_ac,irda_new_ac_25071.bin,0
12299,ac,,创维,new_ac,irda_new_ac_4585.bin,0
12300,ac,,阿玛纳,new_ac,irda_new_ac_11272.bin,0
12301,ac,,阿玛纳,new_ac,irda_new_ac_2807.bin,0
12302,ac,,阿玛纳,new_ac,irda_new_ac_3203.bin,0
12303,ac,,阿玛纳,new_ac,irda_new_ac_3200.bin,0
12304,ac,,阿玛纳,new_ac,irda_new_ac_77.bin,0
12305,ac,,阿玛纳,new_ac,irda_new_ac_11797.bin,0
12307,ac,,北极星,new_ac,irda_new_ac_11272.bin,0
12308,ac,,北极星,new_ac,irda_new_ac_2807.bin,0
12309,ac,,北极星,new_ac,irda_new_ac_3203.bin,0
12310,ac,,北极星,new_ac,irda_new_ac_3200.bin,0
12311,ac,,北极星,new_ac,irda_new_ac_77.bin,0
12312,ac,,北极星,new_ac,irda_new_ac_11797.bin,0
12343,ac,,Elba,new_ac,irda_new_ac_3232.bin,0
12344,ac,,Elba,new_ac,irda_new_ac_2807.bin,0
12345,ac,,Elba,new_ac,irda_new_ac_11272.bin,0
12346,ac,,Elba,new_ac,irda_new_ac_3203.bin,0
12347,ac,,Elba,new_ac,irda_new_ac_3200.bin,0
12348,ac,,Elba,new_ac,irda_new_ac_77.bin,0
12349,ac,,Elba,new_ac,irda_new_ac_11797.bin,0
12331,ac,,Croma,new_ac,irda_new_ac_3200.bin,0
12332,ac,,Croma,new_ac,irda_new_ac_2807.bin,0
12333,ac,,Croma,new_ac,irda_new_ac_11272.bin,0
12334,ac,,Croma,new_ac,irda_new_ac_3203.bin,0
12335,ac,,Croma,new_ac,irda_new_ac_77.bin,0
12336,ac,,Croma,new_ac,irda_new_ac_11797.bin,0
12337,ac,,大岛,new_ac,irda_new_ac_3203.bin,0
12338,ac,,大岛,new_ac,irda_new_ac_2807.bin,0
12339,ac,,大岛,new_ac,irda_new_ac_11272.bin,0
12340,ac,,大岛,new_ac,irda_new_ac_3200.bin,0
12341,ac,,大岛,new_ac,irda_new_ac_77.bin,0
12342,ac,,大岛,new_ac,irda_new_ac_11797.bin,0
12319,ac,,Central Air,new_ac,irda_new_ac_2807.bin,0
12320,ac,,Central Air,new_ac,irda_new_ac_11272.bin,0
12321,ac,,Central Air,new_ac,irda_new_ac_3203.bin,0
12322,ac,,Central Air,new_ac,irda_new_ac_3200.bin,0
12323,ac,,Central Air,new_ac,irda_new_ac_77.bin,0
12324,ac,,Central Air,new_ac,irda_new_ac_11797.bin,0
12325,ac,,Clima Smart,new_ac,irda_new_ac_3203.bin,0
12326,ac,,Clima Smart,new_ac,irda_new_ac_2807.bin,0
12327,ac,,Clima Smart,new_ac,irda_new_ac_11272.bin,0
12328,ac,,Clima Smart,new_ac,irda_new_ac_3200.bin,0
12329,ac,,Clima Smart,new_ac,irda_new_ac_77.bin,0
12330,ac,,Clima Smart,new_ac,irda_new_ac_11797.bin,0
12313,ac,,浦路威,new_ac,irda_new_ac_2807.bin,0
12314,ac,,浦路威,new_ac,irda_new_ac_11272.bin,0
12315,ac,,浦路威,new_ac,irda_new_ac_3203.bin,0
12316,ac,,浦路威,new_ac,irda_new_ac_3200.bin,0
12317,ac,,浦路威,new_ac,irda_new_ac_77.bin,0
12318,ac,,浦路威,new_ac,irda_new_ac_11797.bin,0
12386,ac,,Intertherm,new_ac,irda_new_ac_11797.bin,0
12387,ac,,Intertherm,new_ac,irda_new_ac_2807.bin,0
12388,ac,,Intertherm,new_ac,irda_new_ac_11272.bin,0
12389,ac,,Intertherm,new_ac,irda_new_ac_3203.bin,0
12390,ac,,Intertherm,new_ac,irda_new_ac_3200.bin,0
12391,ac,,Intertherm,new_ac,irda_new_ac_77.bin,0
12392,ac,,Kiowa,new_ac,irda_new_ac_3203.bin,0
12393,ac,,Kiowa,new_ac,irda_new_ac_2807.bin,0
12394,ac,,Kiowa,new_ac,irda_new_ac_11272.bin,0
12395,ac,,Kiowa,new_ac,irda_new_ac_3200.bin,0
12396,ac,,Kiowa,new_ac,irda_new_ac_77.bin,0
12397,ac,,Kiowa,new_ac,irda_new_ac_11797.bin,0
12373,ac,,Homsys,new_ac,irda_new_ac_777.bin,0
12374,ac,,Homsys,new_ac,irda_new_ac_2807.bin,0
12375,ac,,Homsys,new_ac,irda_new_ac_11272.bin,0
12376,ac,,Homsys,new_ac,irda_new_ac_3203.bin,0
12377,ac,,Homsys,new_ac,irda_new_ac_3200.bin,0
12378,ac,,Homsys,new_ac,irda_new_ac_77.bin,0
12379,ac,,Homsys,new_ac,irda_new_ac_11797.bin,0
12380,ac,,幻想曲电器,new_ac,irda_new_ac_3203.bin,0
12381,ac,,幻想曲电器,new_ac,irda_new_ac_2807.bin,0
12382,ac,,幻想曲电器,new_ac,irda_new_ac_11272.bin,0
12383,ac,,幻想曲电器,new_ac,irda_new_ac_3200.bin,0
12384,ac,,幻想曲电器,new_ac,irda_new_ac_77.bin,0
12385,ac,,幻想曲电器,new_ac,irda_new_ac_11797.bin,0
12367,ac,,Hesstar,new_ac,irda_new_ac_3200.bin,0
12368,ac,,Hesstar,new_ac,irda_new_ac_2807.bin,0
12369,ac,,Hesstar,new_ac,irda_new_ac_11272.bin,0
12370,ac,,Hesstar,new_ac,irda_new_ac_3203.bin,0
12371,ac,,Hesstar,new_ac,irda_new_ac_77.bin,0
12372,ac,,Hesstar,new_ac,irda_new_ac_11797.bin,0
12350,ac,,Fujiaire,new_ac,irda_new_ac_3232.bin,0
12351,ac,,Fujiaire,new_ac,irda_new_ac_3203.bin,0
12352,ac,,Fujiaire,new_ac,irda_new_ac_11272.bin,0
12353,ac,,Fujiaire,new_ac,irda_new_ac_3216.bin,0
12354,ac,,Fujiaire,new_ac,irda_new_ac_2607.bin,0
12355,ac,,Fujiaire,new_ac,irda_new_ac_5277.bin,0
12356,ac,,Fujiaire,new_ac,irda_new_ac_2807.bin,0
12357,ac,,Fujiaire,new_ac,irda_new_ac_3200.bin,0
12358,ac,,Fujiaire,new_ac,irda_new_ac_77.bin,0
12359,ac,,Fujiaire,new_ac,irda_new_ac_11797.bin,0
12360,ac,,汉普顿,new_ac,irda_new_ac_4648.bin,0
12361,ac,,汉普顿,new_ac,irda_new_ac_2807.bin,0
12362,ac,,汉普顿,new_ac,irda_new_ac_11272.bin,0
12363,ac,,汉普顿,new_ac,irda_new_ac_3203.bin,0
12364,ac,,汉普顿,new_ac,irda_new_ac_3200.bin,0
12365,ac,,汉普顿,new_ac,irda_new_ac_77.bin,0
12366,ac,,汉普顿,new_ac,irda_new_ac_11797.bin,0
12424,ac,,美歌,new_ac,irda_new_ac_77.bin,0
12425,ac,,美歌,new_ac,irda_new_ac_2807.bin,0
12426,ac,,美歌,new_ac,irda_new_ac_11272.bin,0
12427,ac,,美歌,new_ac,irda_new_ac_3203.bin,0
12428,ac,,美歌,new_ac,irda_new_ac_3200.bin,0
12429,ac,,美歌,new_ac,irda_new_ac_11797.bin,0
12418,ac,,MDV,new_ac,irda_new_ac_3203.bin,0
12419,ac,,MDV,new_ac,irda_new_ac_2807.bin,0
12420,ac,,MDV,new_ac,irda_new_ac_3200.bin,0
12421,ac,,MDV,new_ac,irda_new_ac_77.bin,0
12422,ac,,MDV,new_ac,irda_new_ac_11272.bin,0
12423,ac,,MDV,new_ac,irda_new_ac_11797.bin,0
12417,ac,,乐信,new_ac,irda_new_ac_5997.bin,0
12411,ac,,乐士,new_ac,irda_new_ac_11272.bin,0
12412,ac,,乐士,new_ac,irda_new_ac_2807.bin,0
12413,ac,,乐士,new_ac,irda_new_ac_3203.bin,0
12414,ac,,乐士,new_ac,irda_new_ac_3200.bin,0
12415,ac,,乐士,new_ac,irda_new_ac_77.bin,0
12416,ac,,乐士,new_ac,irda_new_ac_11797.bin,0
12405,ac,,Komeco,new_ac,irda_new_ac_3203.bin,0
12406,ac,,Komeco,new_ac,irda_new_ac_2807.bin,0
12407,ac,,Komeco,new_ac,irda_new_ac_11272.bin,0
12408,ac,,Komeco,new_ac,irda_new_ac_3200.bin,0
12409,ac,,Komeco,new_ac,irda_new_ac_77.bin,0
12410,ac,,Komeco,new_ac,irda_new_ac_11797.bin,0
12398,ac,,KelVinator,new_ac,irda_new_ac_3275.bin,0
12399,ac,,KelVinator,new_ac,irda_new_ac_2807.bin,0
12400,ac,,KelVinator,new_ac,irda_new_ac_11272.bin,0
12401,ac,,KelVinator,new_ac,irda_new_ac_3203.bin,0
12402,ac,,KelVinator,new_ac,irda_new_ac_3200.bin,0
12403,ac,,KelVinator,new_ac,irda_new_ac_77.bin,0
12404,ac,,KelVinator,new_ac,irda_new_ac_11797.bin,0
12437,ac,,将军,new_ac,irda_new_ac_11692.bin,0
12438,ac,,将军,new_ac,irda_new_ac_2807.bin,0
12439,ac,,将军,new_ac,irda_new_ac_11272.bin,0
12440,ac,,将军,new_ac,irda_new_ac_3203.bin,0
12441,ac,,将军,new_ac,irda_new_ac_3200.bin,0
12442,ac,,将军,new_ac,irda_new_ac_77.bin,0
12443,ac,,将军,new_ac,irda_new_ac_11797.bin,0
12430,ac,,Niso,new_ac,irda_new_ac_4247.bin,0
12431,ac,,Niso,new_ac,irda_new_ac_2807.bin,0
12432,ac,,Niso,new_ac,irda_new_ac_11272.bin,0
12433,ac,,Niso,new_ac,irda_new_ac_3203.bin,0
12434,ac,,Niso,new_ac,irda_new_ac_3200.bin,0
12435,ac,,Niso,new_ac,irda_new_ac_77.bin,0
12436,ac,,Niso,new_ac,irda_new_ac_11797.bin,0
12482,ac,,Yamatsu,new_ac,irda_new_ac_1752.bin,0
12483,ac,,Yamatsu,new_ac,irda_new_ac_2807.bin,0
12484,ac,,Yamatsu,new_ac,irda_new_ac_11272.bin,0
12485,ac,,Yamatsu,new_ac,irda_new_ac_3203.bin,0
12486,ac,,Yamatsu,new_ac,irda_new_ac_3200.bin,0
12487,ac,,Yamatsu,new_ac,irda_new_ac_11797.bin,0
12488,ac,,Yamatsu,new_ac,irda_new_ac_77.bin,0
12489,ac,,永安,new_ac,irda_new_ac_2807.bin,0
12490,ac,,永安,new_ac,irda_new_ac_11272.bin,0
12491,ac,,永安,new_ac,irda_new_ac_3203.bin,0
12492,ac,,永安,new_ac,irda_new_ac_3200.bin,0
12493,ac,,永安,new_ac,irda_new_ac_77.bin,0
12494,ac,,永安,new_ac,irda_new_ac_11797.bin,0
12496,ac,,Topaire,new_ac,irda_new_ac_11272.bin,0
12495,ac,,Hommer,new_ac,irda_new_ac_777.bin,0
12497,ac,,扎米尔,new_ac,irda_new_ac_11272.bin,0
12450,ac,,Simplicity,new_ac,irda_new_ac_11272.bin,0
12451,ac,,Simplicity,new_ac,irda_new_ac_2807.bin,0
12452,ac,,Simplicity,new_ac,irda_new_ac_3203.bin,0
12453,ac,,Simplicity,new_ac,irda_new_ac_3200.bin,0
12454,ac,,Simplicity,new_ac,irda_new_ac_77.bin,0
12455,ac,,Simplicity,new_ac,irda_new_ac_11797.bin,0
12444,ac,,Payne,new_ac,irda_new_ac_11272.bin,0
12445,ac,,Payne,new_ac,irda_new_ac_2807.bin,0
12446,ac,,Payne,new_ac,irda_new_ac_3203.bin,0
12447,ac,,Payne,new_ac,irda_new_ac_3200.bin,0
12448,ac,,Payne,new_ac,irda_new_ac_77.bin,0
12449,ac,,Payne,new_ac,irda_new_ac_11797.bin,0
12462,ac,,Sumikura,new_ac,irda_new_ac_11797.bin,0
12463,ac,,Sumikura,new_ac,irda_new_ac_2807.bin,0
12464,ac,,Sumikura,new_ac,irda_new_ac_11272.bin,0
12465,ac,,Sumikura,new_ac,irda_new_ac_3203.bin,0
12466,ac,,Sumikura,new_ac,irda_new_ac_3200.bin,0
12467,ac,,Sumikura,new_ac,irda_new_ac_77.bin,0
12456,ac,,Springer,new_ac,irda_new_ac_11272.bin,0
12457,ac,,Springer,new_ac,irda_new_ac_2807.bin,0
12458,ac,,Springer,new_ac,irda_new_ac_3203.bin,0
12459,ac,,Springer,new_ac,irda_new_ac_3200.bin,0
12460,ac,,Springer,new_ac,irda_new_ac_77.bin,0
12461,ac,,Springer,new_ac,irda_new_ac_11797.bin,0
12468,ac,,Saunier duval,new_ac,irda_new_ac_3203.bin,0
12469,ac,,Saunier duval,new_ac,irda_new_ac_2807.bin,0
12470,ac,,Saunier duval,new_ac,irda_new_ac_11272.bin,0
12471,ac,,Saunier duval,new_ac,irda_new_ac_3200.bin,0
12472,ac,,Saunier duval,new_ac,irda_new_ac_77.bin,0
12473,ac,,Saunier duval,new_ac,irda_new_ac_11797.bin,0
12481,ac,,雪花,new_ac,irda_new_ac_3200.bin,0
12474,ac,,Whisen,new_ac,irda_new_ac_3482.bin,0
12475,ac,,Whisen,new_ac,irda_new_ac_2807.bin,0
12476,ac,,Whisen,new_ac,irda_new_ac_11272.bin,0
12477,ac,,Whisen,new_ac,irda_new_ac_3203.bin,0
12478,ac,,Whisen,new_ac,irda_new_ac_3200.bin,0
12479,ac,,Whisen,new_ac,irda_new_ac_77.bin,0
12480,ac,,Whisen,new_ac,irda_new_ac_11797.bin,0
12498,ac,,Lvt,new_ac,irda_new_ac_11862.bin,0
12499,ac,,Lvt,new_ac,irda_new_ac_2807.bin,0
12500,ac,,Lvt,new_ac,irda_new_ac_11272.bin,0
12501,ac,,Lvt,new_ac,irda_new_ac_3203.bin,0
12502,ac,,Lvt,new_ac,irda_new_ac_3200.bin,0
12503,ac,,Lvt,new_ac,irda_new_ac_77.bin,0
12504,ac,,Lvt,new_ac,irda_new_ac_11797.bin,0
12505,ac,,IGC,new_ac,irda_new_ac_1752.bin,0
12506,ac,,万士益,new_ac,irda_new_ac_11797.bin,0
12507,ac,,万士益,new_ac,irda_new_ac_2807.bin,0
12508,ac,,万士益,new_ac,irda_new_ac_11272.bin,0
12509,ac,,万士益,new_ac,irda_new_ac_3203.bin,0
12510,ac,,万士益,new_ac,irda_new_ac_3200.bin,0
12511,ac,,万士益,new_ac,irda_new_ac_77.bin,0
12986,ac,,万士益,new_ac,irda_new_ac_25078.bin,0
12987,ac,,万士益,new_ac,irda_new_ac_25079.bin,0
12988,ac,,万士益,new_ac,irda_new_ac_25080.bin,0
12989,ac,,万士益,new_ac,irda_new_ac_25081.bin,0
12990,ac,,万士益,new_ac,irda_new_ac_25082.bin,0
12991,ac,,万士益,new_ac,irda_new_ac_25083.bin,0
12992,ac,,万士益,new_ac,irda_new_ac_25084.bin,0
12993,ac,,万士益,new_ac,irda_new_ac_25085.bin,0
12994,ac,,万士益,new_ac,irda_new_ac_25086.bin,0
12995,ac,,万士益,new_ac,irda_new_ac_25087.bin,0
12996,ac,,万士益,new_ac,irda_new_ac_25088.bin,0
12997,ac,,万士益,new_ac,irda_new_ac_25089.bin,0
12998,ac,,万士益,new_ac,irda_new_ac_25090.bin,0
12999,ac,,万士益,new_ac,irda_new_ac_25091.bin,0
13000,ac,,万士益,new_ac,irda_new_ac_25092.bin,0
13001,ac,,万士益,new_ac,irda_new_ac_25093.bin,0
13002,ac,,万士益,new_ac,irda_new_ac_25094.bin,0
13003,ac,,万士益,new_ac,irda_new_ac_25095.bin,0
12585,ac,,阳光,new_ac,irda_new_ac_3203.bin,0
12555,ac,,三垦,new_ac,irda_new_ac_11272.bin,0
12586,ac,,Godrej,new_ac,irda_new_ac_777.bin,0
12587,ac,,Godrej,new_ac,irda_new_ac_2807.bin,0
12588,ac,,Godrej,new_ac,irda_new_ac_2607.bin,0
12589,ac,,Godrej,new_ac,irda_new_ac_11272.bin,0
12590,ac,,Godrej,new_ac,irda_new_ac_3203.bin,0
12591,ac,,Godrej,new_ac,irda_new_ac_3200.bin,0
12592,ac,,Godrej,new_ac,irda_new_ac_77.bin,0
12593,ac,,Godrej,new_ac,irda_new_ac_11797.bin,0
12602,ac,,世纪,new_ac,irda_new_ac_11272.bin,0
12603,ac,,世纪,new_ac,irda_new_ac_2807.bin,0
12604,ac,,世纪,new_ac,irda_new_ac_3203.bin,0
12605,ac,,世纪,new_ac,irda_new_ac_3200.bin,0
12606,ac,,世纪,new_ac,irda_new_ac_77.bin,0
12607,ac,,世纪,new_ac,irda_new_ac_11797.bin,0
12556,ac,,Sears,new_ac,irda_new_ac_4659.bin,0
12557,ac,,Sears,new_ac,irda_new_ac_2807.bin,0
12558,ac,,Sears,new_ac,irda_new_ac_11272.bin,0
12559,ac,,Sears,new_ac,irda_new_ac_3203.bin,0
12560,ac,,Sears,new_ac,irda_new_ac_3200.bin,0
12561,ac,,Sears,new_ac,irda_new_ac_77.bin,0
12562,ac,,Sears,new_ac,irda_new_ac_11797.bin,0
12634,ac,,丰臣,new_ac,irda_new_ac_3203.bin,0
12635,ac,,丰臣,new_ac,irda_new_ac_2807.bin,0
12636,ac,,丰臣,new_ac,irda_new_ac_11272.bin,0
12637,ac,,丰臣,new_ac,irda_new_ac_3200.bin,0
12638,ac,,丰臣,new_ac,irda_new_ac_77.bin,0
12639,ac,,丰臣,new_ac,irda_new_ac_11797.bin,0
12640,ac,,阪神,new_ac,irda_new_ac_11797.bin,0
12641,ac,,阪神,new_ac,irda_new_ac_4247.bin,0
12642,ac,,Chofu,new_ac,irda_new_ac_77.bin,0
12643,ac,,Chofu,new_ac,irda_new_ac_2807.bin,0
12644,ac,,Chofu,new_ac,irda_new_ac_11272.bin,0
12645,ac,,Chofu,new_ac,irda_new_ac_3203.bin,0
12646,ac,,Chofu,new_ac,irda_new_ac_3200.bin,0
12647,ac,,Chofu,new_ac,irda_new_ac_11797.bin,0
12614,ac,,丹比,new_ac,irda_new_ac_11272.bin,0
12615,ac,,丹比,new_ac,irda_new_ac_2807.bin,0
12616,ac,,丹比,new_ac,irda_new_ac_3203.bin,0
12617,ac,,丹比,new_ac,irda_new_ac_3200.bin,0
12618,ac,,丹比,new_ac,irda_new_ac_77.bin,0
12619,ac,,丹比,new_ac,irda_new_ac_11797.bin,0
12608,ac,,Singer,new_ac,irda_new_ac_3200.bin,0
12609,ac,,Singer,new_ac,irda_new_ac_2807.bin,0
12610,ac,,Singer,new_ac,irda_new_ac_11272.bin,0
12611,ac,,Singer,new_ac,irda_new_ac_3203.bin,0
12612,ac,,Singer,new_ac,irda_new_ac_77.bin,0
12613,ac,,Singer,new_ac,irda_new_ac_11797.bin,0
12620,ac,,舒适艾尔,new_ac,irda_new_ac_4659.bin,0
12621,ac,,舒适艾尔,new_ac,irda_new_ac_2807.bin,0
12622,ac,,舒适艾尔,new_ac,irda_new_ac_11272.bin,0
12623,ac,,舒适艾尔,new_ac,irda_new_ac_3203.bin,0
12624,ac,,舒适艾尔,new_ac,irda_new_ac_3200.bin,0
12625,ac,,舒适艾尔,new_ac,irda_new_ac_77.bin,0
12626,ac,,舒适艾尔,new_ac,irda_new_ac_11797.bin,0
12530,ac,,Armcor,new_ac,irda_new_ac_2807.bin,0
12531,ac,,Armcor,new_ac,irda_new_ac_4332.bin,0
12532,ac,,Armcor,new_ac,irda_new_ac_5837.bin,0
12533,ac,,Armcor,new_ac,irda_new_ac_5842.bin,0
12534,ac,,Armcor,new_ac,irda_new_ac_5847.bin,0
12535,ac,,Armcor,new_ac,irda_new_ac_11797.bin,0
12536,ac,,Armcor,new_ac,irda_new_ac_11272.bin,0
12537,ac,,Armcor,new_ac,irda_new_ac_3203.bin,0
12538,ac,,Armcor,new_ac,irda_new_ac_3200.bin,0
12539,ac,,Armcor,new_ac,irda_new_ac_77.bin,0
12627,ac,,熙尔仕楷模,new_ac,irda_new_ac_4648.bin,0
12628,ac,,熙尔仕楷模,new_ac,irda_new_ac_2807.bin,0
12629,ac,,熙尔仕楷模,new_ac,irda_new_ac_11272.bin,0
12630,ac,,熙尔仕楷模,new_ac,irda_new_ac_3203.bin,0
12631,ac,,熙尔仕楷模,new_ac,irda_new_ac_3200.bin,0
12632,ac,,熙尔仕楷模,new_ac,irda_new_ac_77.bin,0
12633,ac,,熙尔仕楷模,new_ac,irda_new_ac_11797.bin,0
12656,ac,,Bosko,new_ac,irda_new_ac_2807.bin,0
12657,ac,,Bosko,new_ac,irda_new_ac_4247.bin,0
12658,ac,,Bosko,new_ac,irda_new_ac_11272.bin,0
12659,ac,,Bosko,new_ac,irda_new_ac_11797.bin,0
12660,ac,,Bosko,new_ac,irda_new_ac_3203.bin,0
12661,ac,,Bosko,new_ac,irda_new_ac_3200.bin,0
12662,ac,,Bosko,new_ac,irda_new_ac_77.bin,0
12663,ac,,塔迪兰,new_ac,irda_new_ac_11272.bin,0
12664,ac,,塔迪兰,new_ac,irda_new_ac_2807.bin,0
12665,ac,,塔迪兰,new_ac,irda_new_ac_3203.bin,0
12666,ac,,塔迪兰,new_ac,irda_new_ac_3200.bin,0
12667,ac,,塔迪兰,new_ac,irda_new_ac_77.bin,0
12668,ac,,塔迪兰,new_ac,irda_new_ac_11797.bin,0
12648,ac,,Doctor,new_ac,irda_new_ac_4332.bin,0
12649,ac,,Doctor,new_ac,irda_new_ac_4207.bin,0
12650,ac,,Doctor,new_ac,irda_new_ac_2807.bin,0
12651,ac,,Doctor,new_ac,irda_new_ac_11272.bin,0
12652,ac,,Doctor,new_ac,irda_new_ac_3203.bin,0
12653,ac,,Doctor,new_ac,irda_new_ac_3200.bin,0
12654,ac,,Doctor,new_ac,irda_new_ac_77.bin,0
12655,ac,,Doctor,new_ac,irda_new_ac_11797.bin,0
12514,ac,,高士达,new_ac,irda_new_ac_2807.bin,0
12515,ac,,高士达,new_ac,irda_new_ac_3482.bin,0
12669,ac,,Uni-air,new_ac,irda_new_ac_3203.bin,0
12670,ac,,Uni-air,new_ac,irda_new_ac_2807.bin,0
12671,ac,,Uni-air,new_ac,irda_new_ac_11272.bin,0
12672,ac,,Uni-air,new_ac,irda_new_ac_3200.bin,0
12673,ac,,Uni-air,new_ac,irda_new_ac_77.bin,0
12674,ac,,Uni-air,new_ac,irda_new_ac_11797.bin,0
12675,ac,,米勒,new_ac,irda_new_ac_11272.bin,0
12676,ac,,米勒,new_ac,irda_new_ac_2807.bin,0
12677,ac,,米勒,new_ac,irda_new_ac_3203.bin,0
12678,ac,,米勒,new_ac,irda_new_ac_3200.bin,0
12679,ac,,米勒,new_ac,irda_new_ac_77.bin,0
12680,ac,,米勒,new_ac,irda_new_ac_11797.bin,0
12594,ac,,Oak,new_ac,irda_new_ac_9377.bin,0
12595,ac,,Oak,new_ac,irda_new_ac_4852.bin,0
12596,ac,,Oak,new_ac,irda_new_ac_2807.bin,0
12597,ac,,Oak,new_ac,irda_new_ac_11272.bin,0
12598,ac,,Oak,new_ac,irda_new_ac_3203.bin,0
12599,ac,,Oak,new_ac,irda_new_ac_3200.bin,0
12600,ac,,Oak,new_ac,irda_new_ac_11797.bin,0
12601,ac,,Oak,new_ac,irda_new_ac_77.bin,0
12687,ac,,珍宝,new_ac,irda_new_ac_11692.bin,0
12688,ac,,珍宝,new_ac,irda_new_ac_5602.bin,0
12689,ac,,珍宝,new_ac,irda_new_ac_5627.bin,0
12690,ac,,珍宝,new_ac,irda_new_ac_5632.bin,0
12691,ac,,珍宝,new_ac,irda_new_ac_7107.bin,0
12692,ac,,珍宝,new_ac,irda_new_ac_7142.bin,0
12693,ac,,珍宝,new_ac,irda_new_ac_7147.bin,0
12694,ac,,珍宝,new_ac,irda_new_ac_2807.bin,0
12546,ac,,爱家乐,new_ac,irda_new_ac_2807.bin,0
12547,ac,,爱家乐,new_ac,irda_new_ac_1997.bin,0
12548,ac,,爱家乐,new_ac,irda_new_ac_7172.bin,0
12549,ac,,拍得丽,new_ac,irda_new_ac_11272.bin,0
12550,ac,,拍得丽,new_ac,irda_new_ac_2807.bin,0
12551,ac,,拍得丽,new_ac,irda_new_ac_3203.bin,0
12552,ac,,拍得丽,new_ac,irda_new_ac_3200.bin,0
12553,ac,,拍得丽,new_ac,irda_new_ac_77.bin,0
12554,ac,,拍得丽,new_ac,irda_new_ac_11797.bin,0
12578,ac,,Sampo,new_ac,irda_new_ac_11692.bin,0
12579,ac,,Sampo,new_ac,irda_new_ac_2807.bin,0
12580,ac,,Sampo,new_ac,irda_new_ac_11272.bin,0
12581,ac,,Sampo,new_ac,irda_new_ac_3203.bin,0
12582,ac,,Sampo,new_ac,irda_new_ac_3200.bin,0
12583,ac,,Sampo,new_ac,irda_new_ac_77.bin,0
12584,ac,,Sampo,new_ac,irda_new_ac_11797.bin,0
12576,ac,,维友康,new_ac,irda_new_ac_2555.bin,0
12577,ac,,维友康,new_ac,irda_new_ac_3200.bin,0
12877,ac,HERAN,禾联,new_ac,irda_new_ac_25015.bin,0
12899,ac,HERAN,禾联,new_ac,irda_new_ac_25023.bin,0
12900,ac,HERAN,禾联,new_ac,irda_new_ac_25026.bin,0
12901,ac,HERAN,禾联,new_ac,irda_new_ac_25027.bin,0
12902,ac,HERAN,禾联,new_ac,irda_new_ac_25028.bin,0
12909,ac,HERAN,禾联,new_ac,irda_new_ac_25031.bin,0
12910,ac,HERAN,禾联,new_ac,irda_new_ac_25032.bin,0
12911,ac,HERAN,禾联,new_ac,irda_new_ac_25033.bin,0
12912,ac,HERAN,禾联,new_ac,irda_new_ac_25025.bin,0
12896,ac,HANSA,华菱,new_ac,irda_new_ac_25020.bin,0
12897,ac,HANSA,华菱,new_ac,irda_new_ac_25021.bin,0
12898,ac,HANSA,华菱,new_ac,irda_new_ac_25022.bin,0
12943,ac,NEOKA,新禾,new_ac,irda_new_ac_25051.bin,0
13030,ac,NEOKA,新禾,new_ac,irda_new_ac_25099.bin,0
12962,ac,Guoling,国菱,new_ac,irda_new_ac_25068.bin,0
12963,ac,SAPORO,莎普罗,new_ac,irda_new_ac_25069.bin,0
12964,ac,FROST,冰点,new_ac,irda_new_ac_25070.bin,0
12983,ac,APTON,艾普顿,new_ac,irda_new_ac_25076.bin,0
12985,ac,HIVI,惠威,new_ac,irda_new_ac_25077.bin,0
13036,ac,TAIITSU,太一,new_ac,irda_new_ac_25102.bin,0
13068,ac,,样例,new_ac,irda_new_ac_20000.bin,0
12813,ac,,大金,new_ac,irda_new_ac_25005.bin,0
12814,ac,,大金,new_ac,irda_new_ac_25006.bin,0
12815,ac,,大金,new_ac,irda_new_ac_25007.bin,0
12816,ac,,大金,new_ac,irda_new_ac_25008.bin,0
12817,ac,,大金,new_ac,irda_new_ac_25009.bin,0
12825,ac,,大金,new_ac,irda_new_ac_25013.bin,0
12823,ac,,志高,new_ac,irda_new_ac_25012.bin,0
12766,ac,,松下,new_ac,irda_new_ac_10024.bin,0
12768,ac,,松下,new_ac,irda_new_ac_10025.bin,0
12769,ac,,日立,new_ac,irda_new_ac_10023.bin,0
12773,ac,,日立,new_ac,irda_new_ac_25001.bin,0
12779,ac,,日立,new_ac,irda_new_ac_25002.bin,0
12789,ac,,日立,new_ac,irda_new_ac_25003.bin,0
12822,ac,,富士通,new_ac,irda_new_ac_25010.bin,0
12824,ac,,富士通,new_ac,irda_new_ac_25011.bin,0
12790,ac,,三菱重工,new_ac,irda_new_ac_25004.bin,0
12826,ac,,三菱重工,new_ac,irda_new_ac_25014.bin,0
480,tv,LG,LG,saa3010_rc5,irda_saa3010_rc5_remote_tv_006.bin,1
481,tv,LG,LG,saa3010_rc5,irda_saa3010_rc5_remote_tv_007.bin,1
482,tv,LG,LG,saa3010_rc5,irda_saa3010_rc5_remote_tv_008.bin,1
483,tv,LG,LG,saa3010_rc5,irda_saa3010_rc5_remote_tv_045.bin,1
484,tv,LG,LG,upd6121g,irda_upd6121g_remote_tv_054.bin,1
485,tv,LG,LG,upd6121g,irda_upd6121g_remote_tv_226.bin,0
486,tv,LG,LG,upd6121g,irda_upd6121g_remote_tv_231.bin,1
487,tv,LG,LG,upd6121g,irda_upd6121g_remote_tv_232.bin,0
488,tv,LG,LG,saa3010_rc5,irda_saa3010_rc5_remote_tv_233.bin,0
503,tv,LG,LG,saa3010_rc5,irda_saa3010_rc5_remote_tv_423.bin,1
1616,tv,LG,LG,upd6121g,irda_upd6121g_remote_tv_lg.bin,1
1617,tv,LG,LG,upd6121g,irda_upd6121g_remote_tv_lg3.bin,1
4343,tv,LG,LG,saa3010_rc5-11-r1,irda_saa3010_rc5-11-r1_remote_tv_lg2.bin,1
8760,tv,LG,乐金,upd6121g,irda_upd6121g_remote_tv_lg3.bin,0
8761,tv,LG,乐金,upd6121g,irda_upd6121g_remote_tv_lg4.bin,1
11224,tv,LG,LG,upd6121g,irda_upd6121g_remote_tv_t_lg1.bin,1
13238,tv,LG,LG,upd6121g,irda_upd6121g_remote_tv_collected_89.bin,1
13239,tv,LG,LG,upd6121g,irda_upd6121g_remote_tv_collected_90.bin,1
13243,tv,LG,LG,upd6121g,irda_upd6121g_remote_tv_collected_92.bin,1
13246,tv,LG,LG,upd6121g,irda_upd6121g_remote_tv_collected_94.bin,1
13248,tv,LG,LG,upd6121g,irda_upd6121g_remote_tv_collected_95.bin,1
13249,tv,LG,LG,upd6121g,irda_upd6121g_remote_tv_collected_96.bin,1
13250,tv,LG,LG,upd6121g,irda_upd6121g_remote_tv_collected_97.bin,1
13251,tv,LG,LG,upd6121g,irda_upd6121g_remote_tv_collected_7122.bin,1
13252,tv,LG,LG,upd6121g,irda_upd6121g_remote_tv_collected_7123.bin,1
13253,tv,LG,LG,upd6121g,irda_upd6121g_remote_tv_collected_7124.bin,1
13254,tv,LG,LG,upd6121g,irda_upd6121g_remote_tv_collected_7128.bin,1
13255,tv,LG,LG,upd6121g,irda_upd6121g_remote_tv_collected_7129.bin,1
13256,tv,LG,LG,m50560-r1,irda_m50560-r1_remote_tv_collected_7131.bin,1
13257,tv,LG,LG,upd6121g,irda_upd6121g_remote_tv_collected_7132.bin,1
13258,tv,LG,LG,upd6121g,irda_upd6121g_remote_tv_collected_7133.bin,1
13259,tv,LG,LG,m50560-r1,irda_m50560-r1_remote_tv_collected_7853.bin,1
13260,tv,LG,LG,m50560-r1,irda_m50560-r1_remote_tv_collected_7854.bin,1
13261,tv,LG,LG,upd6121g,irda_upd6121g_remote_tv_collected_7856.bin,1
13262,tv,LG,LG,upd6121g,irda_upd6121g_remote_tv_collected_7857.bin,1
13263,tv,LG,LG,upd6121g,irda_upd6121g_remote_tv_collected_7858.bin,1
13351,tv,LG,LG,tc9012-1,irda_tc9012-1_remote_tv_collected_7125.bin,1
273,tv,TCL,TCL,tc9012,irda_tc9012_remote_tv_005.bin,1
274,tv,TCL,TCL,saa3010_rc5,irda_saa3010_rc5_remote_tv_010.bin,1
275,tv,TCL,TCL,m50462,irda_m50462_remote_tv_013.bin,1
276,tv,TCL,TCL,tc9012,irda_tc9012_remote_tv_016.bin,1
277,tv,TCL,TCL,m50560,irda_m50560_remote_tv_029.bin,1
278,tv,TCL,TCL,tc9012,irda_tc9012_remote_tv_031.bin,1
279,tv,TCL,TCL,tc9012,irda_tc9012_remote_tv_063.bin,1
280,tv,TCL,TCL,saa3010_rc5,irda_saa3010_rc5_remote_tv_066.bin,1
281,tv,TCL,TCL,rca_38k,irda_rca_38k_remote_tv_073.bin,1
282,tv,TCL,TCL,tc9012,irda_tc9012_remote_tv_074.bin,1
283,tv,TCL,TCL,m50560,irda_m50560_remote_tv_079.bin,1
284,tv,TCL,TCL,saa3010_rc5,irda_saa3010_rc5_remote_tv_086.bin,1
285,tv,TCL,TCL,tc9012,irda_tc9012_remote_tv_088.bin,1
286,tv,TCL,TCL,m50560,irda_m50560_remote_tv_089.bin,1
287,tv,TCL,TCL,lc7461m_c13,irda_lc7461m_c13_remote_tv_094.bin,1
288,tv,TCL,TCL,saa3010_rc5,irda_saa3010_rc5_remote_tv_107.bin,1
289,tv,TCL,TCL,saa3010_rc5,irda_saa3010_rc5_remote_tv_127.bin,1
290,tv,TCL,TCL,tc9012,irda_tc9012_remote_tv_135.bin,1
291,tv,TCL,TCL,tc9012,irda_tc9012_remote_tv_136.bin,0
292,tv,TCL,TCL,saa3010_rc5,irda_saa3010_rc5_remote_tv_137.bin,1
293,tv,TCL,TCL,tc9012,irda_tc9012_remote_tv_138.bin,1
294,tv,TCL,TCL,tc9012,irda_tc9012_remote_tv_139.bin,1
295,tv,TCL,TCL,saa3010_rc5,irda_saa3010_rc5_remote_tv_141.bin,1
296,tv,TCL,TCL,saa3010_rc5,irda_saa3010_rc5_remote_tv_181.bin,0
297,tv,TCL,TCL,saa3010_rc5,irda_saa3010_rc5_remote_tv_182.bin,1
298,tv,TCL,TCL,saa3010_rc5,irda_saa3010_rc5_remote_tv_183.bin,1
299,tv,TCL,TCL,m50560,irda_m50560_remote_tv_184.bin,1
300,tv,TCL,TCL,upd6121g,irda_upd6121g_remote_tv_185.bin,1
301,tv,TCL,TCL,saa3010_rc5,irda_saa3010_rc5_remote_tv_186.bin,1
302,tv,TCL,TCL,saa3010_rc5,irda_saa3010_rc5_remote_tv_199.bin,0
303,tv,TCL,TCL,saa3010_rc5,irda_saa3010_rc5_remote_tv_200.bin,0
304,tv,TCL,TCL,rca_56k,irda_rca_56k_remote_tv_205.bin,1
305,tv,TCL,TCL,rca_56k,irda_rca_56k_remote_tv_206.bin,1
306,tv,TCL,TCL,upd6121g,irda_upd6121g_remote_tv_211.bin,0
307,tv,TCL,TCL,rca_56k,irda_rca_56k_remote_tv_212.bin,0
308,tv,TCL,TCL,rca_38k,irda_rca_38k_remote_tv_213.bin,0
309,tv,TCL,TCL,saa3010_rc5,irda_saa3010_rc5_remote_tv_228.bin,0
310,tv,TCL,TCL,saa3010_rc5,irda_saa3010_rc5_remote_tv_229.bin,1
490,tv,TCL,TCL,upd6121g,irda_upd6121g_remote_tv_410.bin,1
495,tv,TCL,TCL,rca_56k,irda_rca_56k_remote_tv_415.bin,1
496,tv,TCL,TCL,rca_56k,irda_rca_56k_remote_tv_416.bin,0
521,tv,TCL,TCL,rca_56k,irda_rca_56k_remote_tv_439.bin,1
522,tv,TCL,TCL,rca_56k,irda_rca_56k_remote_tv_443.bin,1
4341,tv,TCL,TCL,saa3010_rc5-11-r1,irda_saa3010_rc5-11-r1_remote_tv_tcl3.bin,1
8822,tv,TCL,TCL,upd6121g,irda_upd6121g_remote_tv_tcl2.bin,1
8825,tv,TCL,TCL,upd6121g,irda_upd6121g_remote_tv_tcl5.bin,1
8862,tv,TCL,TCL,upd6121g,irda_upd6121g_remote_tv_tcl7.bin,1
9397,tv,TCL,TCL,m50560-r2,irda_m50560-r2_remote_tv_tcl3.bin,1
9399,tv,TCL,TCL,m50560-r2,irda_m50560-r2_remote_tv_tcl6.bin,1
9400,tv,TCL,TCL,m50560-r2,irda_m50560-r2_remote_tv_tcl15.bin,1
9402,tv,TCL,TCL,m50560-r2,irda_m50560-r2_remote_tv_tcl16.bin,1
9404,tv,TCL,TCL,m50560-r2,irda_m50560-r2_remote_tv_tcl17.bin,1
9406,tv,TCL,TCL,m50560-r2,irda_m50560-r2_remote_tv_tcl18.bin,1
9407,tv,TCL,TCL,m50560-r2,irda_m50560-r2_remote_tv_tcl22.bin,1
10229,tv,TCL,TCL,lc7461m_c13,irda_lc7461m_c13_remote_tv_tcl16.bin,1
10230,tv,TCL,TCL,lc7461m_c13,irda_lc7461m_c13_remote_tv_tcl31.bin,1
10452,tv,TCL,TCL,rca_56k,irda_rca_56k_remote_tv_tcl1.bin,1
11523,tv,TCL,TCL,saa3010_rc5-11-r1,irda_saa3010_rc5-11-r1_remote_tv_tcl2.bin,1
11524,tv,TCL,TCL,upd6121g,irda_upd6121g_remote_tv_tcl12.bin,1
11525,tv,TCL,TCL,mn6014a_w_c6d6,irda_mn6014a_w_c6d6_remote_tv_tcl20.bin,1
11526,tv,TCL,TCL,upd6121g,irda_upd6121g_remote_tv_tcl21.bin,1
11527,tv,TCL,TCL,mn6014a_w_c6d6,irda_mn6014a_w_c6d6_remote_tv_tcl22.bin,1
11528,tv,TCL,TCL,upd6121g,irda_upd6121g_remote_tv_tcl24.bin,1
11530,tv,TCL,TCL,upd6124-r2,irda_upd6124-r2_remote_tv_tcl25.bin,1
11535,tv,TCL,TCL,saa3010_rc5-11-r1,irda_saa3010_rc5-11-r1_remote_tv_tcl35.bin,1
12730,tv,TCL,TCL,rca_56k-r3,irda_rca_56k-r3_remote_tv_tcl100.bin,1
12958,tv,TCL,TCL,rca_56k-r3,irda_rca_56k-r3_remote_tv_tcl110.bin,1
13023,tv,TCL,TCL,rca_56k-r4,irda_rca_56k-r4_remote_tv_tcl50.bin,1
13026,tv,TCL,TCL,rca_56k-r4,irda_rca_56k-r4_remote_tv_tcl51.bin,1
13220,tv,TCL,TCL,upd6121g,irda_upd6121g_remote_tv_collected_49.bin,1
13221,tv,TCL,TCL,upd6121g,irda_upd6121g_remote_tv_collected_56.bin,1
13222,tv,TCL,TCL,upd6121g,irda_upd6121g_remote_tv_collected_7098.bin,1
13223,tv,TCL,TCL,m50560-r2,irda_m50560-r2_remote_tv_collected_7100.bin,1
13224,tv,TCL,TCL,upd6121g,irda_upd6121g_remote_tv_collected_7101.bin,1
13225,tv,TCL,TCL,upd6121g,irda_upd6121g_remote_tv_collected_7102.bin,1
13226,tv,TCL,TCL,upd6121g,irda_upd6121g_remote_tv_collected_7103.bin,1
13227,tv,TCL,TCL,upd6121g,irda_upd6121g_remote_tv_collected_7109.bin,1
13228,tv,TCL,TCL,m50560-r2,irda_m50560-r2_remote_tv_collected_7104.bin,1
13229,tv,TCL,TCL,upd6121g,irda_upd6121g_remote_tv_collected_7105.bin,1
13230,tv,TCL,TCL,upd6121g,irda_upd6121g_remote_tv_collected_8567.bin,1
13231,tv,TCL,TCL,m50560-r2,irda_m50560-r2_remote_tv_collected_8571.bin,1
13232,tv,TCL,TCL,m50560-r2,irda_m50560-r2_remote_tv_collected_8572.bin,1
13233,tv,TCL,TCL,m50560-r2,irda_m50560-r2_remote_tv_collected_8573.bin,1
13234,tv,TCL,TCL,m50560-r2,irda_m50560-r2_remote_tv_collected_8574.bin,1
13235,tv,TCL,TCL,upd6121g,irda_upd6121g_remote_tv_collected_8582.bin,1
13236,tv,TCL,TCL,m50560-r1,irda_m50560-r1_remote_tv_collected_8585.bin,1
13237,tv,TCL,TCL,m50560-r1,irda_m50560-r1_remote_tv_collected_8589.bin,1
13338,tv,TCL,TCL,tc9012,irda_tc9012_remote_tv_collected_54.bin,1
13339,tv,TCL,TCL,tc9012-1,irda_tc9012-1_remote_tv_collected_55.bin,1
13340,tv,TCL,TCL,tc9012-1,irda_tc9012-1_remote_tv_collected_7106.bin,1
13343,tv,TCL,TCL,tc9012-1,irda_tc9012-1_remote_tv_collected_8569.bin,1
13344,tv,TCL,TCL,tc9012-0,irda_tc9012-0_remote_tv_collected_7107.bin,1
13345,tv,TCL,TCL,tc9012-1,irda_tc9012-1_remote_tv_collected_7108.bin,1
13346,tv,TCL,TCL,tc9012-1,irda_tc9012-1_remote_tv_collected_8568.bin,1
13347,tv,TCL,TCL,tc9012,irda_tc9012_remote_tv_collected_8580.bin,1
13348,tv,TCL,TCL,tc9012,irda_tc9012_remote_tv_collected_8581.bin,1
13349,tv,TCL,TCL,tc9012,irda_tc9012_remote_tv_collected_8590.bin,1
13350,tv,TCL,TCL,tc9012,irda_tc9012_remote_tv_collected_8583.bin,1
461,tv,SAMSUNG,三星,m50560,irda_m50560_remote_tv_000.bin,1
462,tv,SAMSUNG,三星,m50462,irda_m50462_remote_tv_001.bin,1
463,tv,SAMSUNG,三星,tc9012,irda_tc9012_remote_tv_002.bin,1
464,tv,SAMSUNG,三星,m50560,irda_m50560_remote_tv_003.bin,1
465,tv,SAMSUNG,三星,saa3010_rc5,irda_saa3010_rc5_remote_tv_006.bin,1
466,tv,SAMSUNG,三星,saa3010_rc5,irda_saa3010_rc5_remote_tv_007.bin,1
467,tv,SAMSUNG,三星,saa3010_rc5,irda_saa3010_rc5_remote_tv_008.bin,1
468,tv,SAMSUNG,三星,upd6121g,irda_upd6121g_remote_tv_012.bin,1
469,tv,SAMSUNG,三星,m50462,irda_m50462_remote_tv_013.bin,1
470,tv,SAMSUNG,三星,upd6121g,irda_upd6121g_remote_tv_022.bin,1
471,tv,SAMSUNG,三星,konka_kk_y261,irda_konka_kk_y261_remote_tv_030.bin,1
472,tv,SAMSUNG,三星,mn6014w_c5d6,irda_mn6014w_c5d6_remote_tv_036.bin,1
473,tv,SAMSUNG,三星,saa3010_rc5,irda_saa3010_rc5_remote_tv_039.bin,1
474,tv,SAMSUNG,三星,m50560,irda_m50560_remote_tv_042.bin,1
475,tv,SAMSUNG,三星,tc9012f,irda_tc9012f_remote_tv_051.bin,1
476,tv,SAMSUNG,三星,tc9012f,irda_tc9012f_remote_tv_069.bin,1
477,tv,SAMSUNG,三星,tc9012f,irda_tc9012f_remote_tv_114.bin,1
478,tv,SAMSUNG,三星,tc9012f,irda_tc9012f_remote_tv_209.bin,1
479,tv,SAMSUNG,三星,tc9012,irda_tc9012_remote_tv_230.bin,1
1608,tv,SAMSUNG,三星,tc9012f,irda_tc9012f_remote_tv_samsung.bin,1
1609,tv,SAMSUNG,三星,tc9012f,irda_tc9012f_remote_tv_samsung2.bin,1
1610,tv,SAMSUNG,三星,tc9012,irda_tc9012_remote_tv_samsung3.bin,1
8786,tv,SAMSUNG,三星,upd6121g,irda_upd6121g_remote_tv_samsung9.bin,1
8787,tv,SAMSUNG,三星,upd6121g,irda_upd6121g_remote_tv_samsung10.bin,1
8788,tv,SAMSUNG,三星,upd6121g,irda_upd6121g_remote_tv_samsung11.bin,1
10209,tv,SAMSUNG,三星,lc7461m_c13,irda_lc7461m_c13_remote_tv_samsung8.bin,1
10210,tv,SAMSUNG,三星,lc7461m_c13,irda_lc7461m_c13_remote_tv_samsung19.bin,1
11229,tv,SAMSUNG,三星,tc9012f,irda_tc9012f_remote_tv_t_samsung1.bin,1
11614,tv,SAMSUNG,三星,tc9012f,irda_tc9012f_remote_tv_samsung5.bin,1
13090,tv,SAMSUNG,三星,tc9012f,irda_tc9012f_remote_tv_t_samsung2.bin,1
13174,tv,SAMSUNG,三星,upd6121g,irda_upd6121g_remote_tv_collected_100.bin,1
13175,tv,SAMSUNG,三星,m50560-r2,irda_m50560-r2_remote_tv_collected_102.bin,1
13176,tv,SAMSUNG,三星,m50560-r2,irda_m50560-r2_remote_tv_collected_104.bin,1
13177,tv,SAMSUNG,三星,m50560-r2,irda_m50560-r2_remote_tv_collected_107.bin,1
13178,tv,SAMSUNG,三星,upd6121g,irda_upd6121g_remote_tv_collected_108.bin,1
13179,tv,SAMSUNG,三星,m50560-r2,irda_m50560-r2_remote_tv_collected_7675.bin,1
13180,tv,SAMSUNG,三星,upd6121g,irda_upd6121g_remote_tv_collected_7677.bin,1
13181,tv,SAMSUNG,三星,upd6121g,irda_upd6121g_remote_tv_collected_7679.bin,1
13182,tv,SAMSUNG,三星,upd6121g,irda_upd6121g_remote_tv_collected_7684.bin,1
13183,tv,SAMSUNG,三星,m50560-r2,irda_m50560-r2_remote_tv_collected_8099.bin,1
13184,tv,SAMSUNG,三星,upd6121g,irda_upd6121g_remote_tv_collected_8102.bin,1
13185,tv,SAMSUNG,三星,upd6121g,irda_upd6121g_remote_tv_collected_8303.bin,1
13186,tv,SAMSUNG,三星,upd6121g,irda_upd6121g_remote_tv_collected_8307.bin,1
13279,tv,SAMSUNG,三星,tc9012f,irda_tc9012f_remote_tv_collected_7676.bin,1
13312,tv,SAMSUNG,三星,tc9012-1,irda_tc9012-1_remote_tv_collected_103.bin,1
13313,tv,SAMSUNG,三星,tc9012-1,irda_tc9012-1_remote_tv_collected_105.bin,1
13314,tv,SAMSUNG,三星,tc9012-0,irda_tc9012-0_remote_tv_collected_106.bin,1
13315,tv,SAMSUNG,三星,tc9012-1,irda_tc9012-1_remote_tv_collected_7680.bin,1
13316,tv,SAMSUNG,三星,tc9012-0,irda_tc9012-0_remote_tv_collected_7681.bin,1
13317,tv,SAMSUNG,三星,tc9012-1,irda_tc9012-1_remote_tv_collected_7682.bin,1
13318,tv,SAMSUNG,三星,tc9012-1,irda_tc9012-1_remote_tv_collected_7683.bin,1
13319,tv,SAMSUNG,三星,tc9012-1,irda_tc9012-1_remote_tv_collected_7685.bin,1
13321,tv,SAMSUNG,三星,tc9012-1,irda_tc9012-1_remote_tv_collected_7686.bin,1
13322,tv,SAMSUNG,三星,tc9012,irda_tc9012_remote_tv_collected_8076.bin,1
13323,tv,SAMSUNG,三星,tc9012,irda_tc9012_remote_tv_collected_8104.bin,1
13324,tv,SAMSUNG,三星,tc9012,irda_tc9012_remote_tv_collected_8308.bin,1
13325,tv,SAMSUNG,三星,tc9012,irda_tc9012_remote_tv_collected_8309.bin,1
13326,tv,SAMSUNG,三星,tc9012,irda_tc9012_remote_tv_collected_8310.bin,1
13327,tv,SAMSUNG,三星,tc9012,irda_tc9012_remote_tv_collected_8311.bin,1
13328,tv,SAMSUNG,三星,tc9012,irda_tc9012_remote_tv_collected_8314.bin,1
427,tv,TOSHIBA,东芝,tc9012,irda_tc9012_remote_tv_002.bin,1
428,tv,TOSHIBA,东芝,m50560,irda_m50560_remote_tv_003.bin,1
429,tv,TOSHIBA,东芝,tc9012,irda_tc9012_remote_tv_004.bin,1
430,tv,TOSHIBA,东芝,tc9012,irda_tc9012_remote_tv_005.bin,1
431,tv,TOSHIBA,东芝,tc9012,irda_tc9012_remote_tv_009.bin,1
432,tv,TOSHIBA,东芝,upd6121g,irda_upd6121g_remote_tv_012.bin,1
433,tv,TOSHIBA,东芝,upd6121g,irda_upd6121g_remote_tv_018.bin,1
434,tv,TOSHIBA,东芝,upd6121g,irda_upd6121g_remote_tv_021.bin,1
435,tv,TOSHIBA,东芝,upd6121g,irda_upd6121g_remote_tv_022.bin,1
436,tv,TOSHIBA,东芝,m50560,irda_m50560_remote_tv_026.bin,1
437,tv,TOSHIBA,东芝,upd6121g,irda_upd6121g_remote_tv_028.bin,1
438,tv,TOSHIBA,东芝,upd6121g,irda_upd6121g_remote_tv_033.bin,1
439,tv,TOSHIBA,东芝,m50560,irda_m50560_remote_tv_048.bin,1
440,tv,TOSHIBA,东芝,upd6121g,irda_upd6121g_remote_tv_055.bin,1
441,tv,TOSHIBA,东芝,upd6121g,irda_upd6121g_remote_tv_234.bin,1
442,tv,TOSHIBA,东芝,upd6121g,irda_upd6121g_remote_tv_244.bin,1
443,tv,TOSHIBA,东芝,upd6121g,irda_upd6121g_remote_tv_278.bin,1
444,tv,TOSHIBA,东芝,upd6121g,irda_upd6121g_remote_tv_279.bin,0
445,tv,TOSHIBA,东芝,upd6121g,irda_upd6121g_remote_tv_280.bin,1
446,tv,TOSHIBA,东芝,upd6121g,irda_upd6121g_remote_tv_333.bin,1
447,tv,TOSHIBA,东芝,upd6121g,irda_upd6121g_remote_tv_339.bin,0
448,tv,TOSHIBA,东芝,upd6121g,irda_upd6121g_remote_tv_407.bin,1
4315,tv,TOSHIBA,东芝,upd6121g,irda_upd6121g_remote_tv_toshiba.bin,1
4316,tv,TOSHIBA,东芝,upd6121g,irda_upd6121g_remote_tv_toshiba2.bin,1
4317,tv,TOSHIBA,东芝,upd6121g,irda_upd6121g_remote_tv_toshiba3.bin,1
4318,tv,TOSHIBA,东芝,upd6121g,irda_upd6121g_remote_tv_toshiba4.bin,1
4319,tv,TOSHIBA,东芝,upd6121g,irda_upd6121g_remote_tv_toshiba6.bin,1
4320,tv,TOSHIBA,东芝,upd6121g,irda_upd6121g_remote_tv_toshiba10.bin,1
4321,tv,TOSHIBA,东芝,upd6121g,irda_upd6121g_remote_tv_toshiba11.bin,1
7543,tv,TOSHIBA,东芝,upd6121g,irda_upd6121g_remote_tv_toshiba12.bin,1
7544,tv,TOSHIBA,东芝,upd6121g,irda_upd6121g_remote_tv_toshiba13.bin,1
7545,tv,TOSHIBA,东芝,upd6121g,irda_upd6121g_remote_tv_toshiba14.bin,1
7546,tv,TOSHIBA,东芝,upd6121g,irda_upd6121g_remote_tv_toshiba17.bin,1
11442,tv,TOSHIBA,东芝,upd6121f-r2,irda_upd6121f-r2_remote_tv_toshiba8.bin,1
11443,tv,TOSHIBA,东芝,saa3010_rc5-11-r1,irda_saa3010_rc5-11-r1_remote_tv_toshiba9.bin,1
11860,tv,TOSHIBA,东芝,upd6121g,irda_upd6121g_remote_tv_t_toshiba1.bin,1
13390,tv,TOSHIBA,东芝,upd6121g,irda_upd6121g_remote_tv_collected_217.bin,1
13391,tv,TOSHIBA,东芝,m50560-r2,irda_m50560-r2_remote_tv_collected_218.bin,1
13392,tv,TOSHIBA,东芝,upd6121g,irda_upd6121g_remote_tv_collected_220.bin,1
13393,tv,TOSHIBA,东芝,upd6121g,irda_upd6121g_remote_tv_collected_221.bin,1
13394,tv,TOSHIBA,东芝,upd6121g,irda_upd6121g_remote_tv_collected_222.bin,1
13395,tv,TOSHIBA,东芝,upd6121g,irda_upd6121g_remote_tv_collected_223.bin,1
13396,tv,TOSHIBA,东芝,upd6121g,irda_upd6121g_remote_tv_collected_224.bin,1
13397,tv,TOSHIBA,东芝,tc9012-0,irda_tc9012-0_remote_tv_collected_225.bin,1
13398,tv,TOSHIBA,东芝,tc9012,irda_tc9012_remote_tv_collected_226.bin,1
13399,tv,TOSHIBA,东芝,upd6121g,irda_upd6121g_remote_tv_collected_7358.bin,1
13400,tv,TOSHIBA,东芝,upd6121g,irda_upd6121g_remote_tv_collected_7360.bin,1
13401,tv,TOSHIBA,东芝,m50560-r2,irda_m50560-r2_remote_tv_collected_7361.bin,1
13402,tv,TOSHIBA,东芝,tc9012,irda_tc9012_remote_tv_collected_7363.bin,1
13403,tv,TOSHIBA,东芝,upd6121g,irda_upd6121g_remote_tv_collected_7364.bin,1
13404,tv,TOSHIBA,东芝,upd6121g,irda_upd6121g_remote_tv_collected_7365.bin,1
13405,tv,TOSHIBA,东芝,upd6121g,irda_upd6121g_remote_tv_collected_7366.bin,1
13406,tv,TOSHIBA,东芝,tc9012,irda_tc9012_remote_tv_collected_7367.bin,1
13407,tv,TOSHIBA,东芝,upd6121g,irda_upd6121g_remote_tv_collected_7368.bin,1
13408,tv,TOSHIBA,东芝,upd6121g,irda_upd6121g_remote_tv_collected_7369.bin,1
13409,tv,TOSHIBA,东芝,upd6121g,irda_upd6121g_remote_tv_collected_7370.bin,1
13410,tv,TOSHIBA,东芝,upd6121g,irda_upd6121g_remote_tv_collected_7371.bin,1
13411,tv,TOSHIBA,东芝,upd6121g,irda_upd6121g_remote_tv_collected_8632.bin,1
13412,tv,TOSHIBA,东芝,upd6121g,irda_upd6121g_remote_tv_collected_8633.bin,1
13413,tv,TOSHIBA,东芝,m50560-r1,irda_m50560-r1_remote_tv_collected_8634.bin,1
13414,tv,TOSHIBA,东芝,upd6121g,irda_upd6121g_remote_tv_collected_8635.bin,1
13415,tv,TOSHIBA,东芝,upd6121g,irda_upd6121g_remote_tv_collected_8636.bin,1
13416,tv,TOSHIBA,东芝,upd6121g,irda_upd6121g_remote_tv_collected_8637.bin,1
13417,tv,TOSHIBA,东芝,upd6121g,irda_upd6121g_remote_tv_collected_8638.bin,1
128,tv,Skyworth,创维,m50560,irda_m50560_remote_tv_000.bin,1
129,tv,Skyworth,创维,m50462,irda_m50462_remote_tv_001.bin,1
130,tv,Skyworth,创维,tc9012,irda_tc9012_remote_tv_002.bin,1
131,tv,Skyworth,创维,tc9012,irda_tc9012_remote_tv_004.bin,1
132,tv,Skyworth,创维,saa3010_rc5,irda_saa3010_rc5_remote_tv_010.bin,1
133,tv,Skyworth,创维,saa3010_rc5,irda_saa3010_rc5_remote_tv_014.bin,1
134,tv,Skyworth,创维,tc9012,irda_tc9012_remote_tv_016.bin,1
135,tv,Skyworth,创维,lc7461m_c13,irda_lc7461m_c13_remote_tv_019.bin,1
136,tv,Skyworth,创维,tc9012,irda_tc9012_remote_tv_023.bin,1
137,tv,Skyworth,创维,upd6121g,irda_upd6121g_remote_tv_024.bin,1
138,tv,Skyworth,创维,m50560,irda_m50560_remote_tv_029.bin,1
139,tv,Skyworth,创维,tc9012,irda_tc9012_remote_tv_031.bin,1
140,tv,Skyworth,创维,m3004_6c_lab1,irda_m3004_6c_lab1_remote_tv_047.bin,1
141,tv,Skyworth,创维,tc9012,irda_tc9012_remote_tv_057.bin,1
142,tv,Skyworth,创维,upd6121g,irda_upd6121g_remote_tv_087.bin,1
143,tv,Skyworth,创维,saa3010_rc5,irda_saa3010_rc5_remote_tv_091.bin,1
144,tv,Skyworth,创维,m3004_6c_lab1,irda_m3004_6c_lab1_remote_tv_092.bin,1
145,tv,Skyworth,创维,upd6121g,irda_upd6121g_remote_tv_097.bin,1
146,tv,Skyworth,创维,saa3010_rc5,irda_saa3010_rc5_remote_tv_098.bin,1
147,tv,Skyworth,创维,upd6121g,irda_upd6121g_remote_tv_099.bin,1
148,tv,Skyworth,创维,upd6121g,irda_upd6121g_remote_tv_104.bin,1
149,tv,Skyworth,创维,tc9012,irda_tc9012_remote_tv_106.bin,1
150,tv,Skyworth,创维,upd6121g,irda_upd6121g_remote_tv_118.bin,1
151,tv,Skyworth,创维,upd6121g,irda_upd6121g_remote_tv_119.bin,1
152,tv,Skyworth,创维,saa3010_rc5,irda_saa3010_rc5_remote_tv_120.bin,1
153,tv,Skyworth,创维,saa3010_rc5,irda_saa3010_rc5_remote_tv_121.bin,1
154,tv,Skyworth,创维,saa3010_rc5,irda_saa3010_rc5_remote_tv_122.bin,1
155,tv,Skyworth,创维,tc9012,irda_tc9012_remote_tv_124.bin,1
156,tv,Skyworth,创维,m3004_6c_lab1,irda_m3004_6c_lab1_remote_tv_129.bin,1
157,tv,Skyworth,创维,tc9012,irda_tc9012_remote_tv_131.bin,1
158,tv,Skyworth,创维,upd6121g,irda_upd6121g_remote_tv_133.bin,1
159,tv,Skyworth,创维,m3004_6c_lab1,irda_m3004_6c_lab1_remote_tv_150.bin,1
160,tv,Skyworth,创维,tc9012,irda_tc9012_remote_tv_157.bin,1
161,tv,Skyworth,创维,upd6121g,irda_upd6121g_remote_tv_158.bin,1
162,tv,Skyworth,创维,upd6121g,irda_upd6121g_remote_tv_159.bin,1
163,tv,Skyworth,创维,tc9012,irda_tc9012_remote_tv_160.bin,0
164,tv,Skyworth,创维,upd6121g,irda_upd6121g_remote_tv_161.bin,1
165,tv,Skyworth,创维,upd6121g,irda_upd6121g_remote_tv_162.bin,1
166,tv,Skyworth,创维,saa3010_rc5,irda_saa3010_rc5_remote_tv_163.bin,1
167,tv,Skyworth,创维,tc9012,irda_tc9012_remote_tv_164.bin,1
168,tv,Skyworth,创维,saa3010_rc5,irda_saa3010_rc5_remote_tv_165.bin,1
169,tv,Skyworth,创维,tc9012,irda_tc9012_remote_tv_177.bin,0
170,tv,Skyworth,创维,upd6121g,irda_upd6121g_remote_tv_178.bin,1
171,tv,Skyworth,创维,saa3010_rc5,irda_saa3010_rc5_remote_tv_179.bin,0
172,tv,Skyworth,创维,saa3010_rc5,irda_saa3010_rc5_remote_tv_180.bin,1
173,tv,Skyworth,创维,tc9012,irda_tc9012_remote_tv_190.bin,1
174,tv,Skyworth,创维,tc9012,irda_tc9012_remote_tv_191.bin,1
175,tv,Skyworth,创维,upd6121g,irda_upd6121g_remote_tv_192.bin,1
176,tv,Skyworth,创维,tc9012,irda_tc9012_remote_tv_202.bin,1
177,tv,Skyworth,创维,tc9012,irda_tc9012_remote_tv_203.bin,1
178,tv,Skyworth,创维,tc9012,irda_tc9012_remote_tv_207.bin,0
179,tv,Skyworth,创维,tc9012,irda_tc9012_remote_tv_216.bin,1
180,tv,Skyworth,创维,tc9012,irda_tc9012_remote_tv_217.bin,0
181,tv,Skyworth,创维,upd6121g,irda_upd6121g_remote_tv_219.bin,1
182,tv,Skyworth,创维,tc9012,irda_tc9012_remote_tv_221.bin,0
183,tv,Skyworth,创维,saa3010_rc5,irda_saa3010_rc5_remote_tv_225.bin,0
184,tv,Skyworth,创维,tc9012,irda_tc9012_remote_tv_227.bin,0
491,tv,Skyworth,创维,upd6121g,irda_upd6121g_remote_tv_411.bin,1
497,tv,Skyworth,创维,upd6121g,irda_upd6121g_remote_tv_417.bin,1
498,tv,Skyworth,创维,upd6121g,irda_upd6121g_remote_tv_418.bin,1
499,tv,Skyworth,创维,upd6121g,irda_upd6121g_remote_tv_419.bin,1
500,tv,Skyworth,创维,saa3010_rc5,irda_saa3010_rc5_remote_tv_420.bin,1
501,tv,Skyworth,创维,tc9012,irda_tc9012_remote_tv_421.bin,1
502,tv,Skyworth,创维,upd6121g,irda_upd6121g_remote_tv_422.bin,1
1603,tv,Skyworth,创维,tc9012,irda_tc9012_remote_tv_skyworth.bin,1
1604,tv,Skyworth,创维,tc9012,irda_tc9012_remote_tv_skyworth2.bin,1
4324,tv,Skyworth,创维,upd6121g,irda_upd6121g_remote_tv_skyworth5.bin,1
4325,tv,Skyworth,创维,upd6121g,irda_upd6121g_remote_tv_skyworth6.bin,1
4326,tv,Skyworth,创维,upd6121g,irda_upd6121g_remote_tv_skyworth7.bin,1
4327,tv,Skyworth,创维,upd6121g,irda_upd6121g_remote_tv_skyworth8.bin,1
4328,tv,Skyworth,创维,upd6121g,irda_upd6121g_remote_tv_skyworth9.bin,1
4329,tv,Skyworth,创维,upd6121g,irda_upd6121g_remote_tv_skyworth10.bin,1
4330,tv,Skyworth,创维,upd6121g,irda_upd6121g_remote_tv_skyworth11.bin,1
4331,tv,Skyworth,创维,upd6121g,irda_upd6121g_remote_tv_skyworth14.bin,1
4332,tv,Skyworth,创维,upd6121g,irda_upd6121g_remote_tv_skyworth15.bin,1
4333,tv,Skyworth,创维,upd6121g,irda_upd6121g_remote_tv_skyworth16.bin,1
4334,tv,Skyworth,创维,upd6121g,irda_upd6121g_remote_tv_skyworth17.bin,1
4335,tv,Skyworth,创维,upd6121g,irda_upd6121g_remote_tv_skyworth18.bin,1
4336,tv,Skyworth,创维,upd6121g,irda_upd6121g_remote_tv_skyworth19.bin,1
4337,tv,Skyworth,创维,upd6121g,irda_upd6121g_remote_tv_skyworth27.bin,1
4338,tv,Skyworth,创维,upd6121g,irda_upd6121g_remote_tv_skyworth28.bin,1
4340,tv,Skyworth,创维,saa3010_rc5-11-r1,irda_saa3010_rc5-11-r1_remote_tv_skyworth3.bin,1
10092,tv,Skyworth,创维,m50462-r2,irda_m50462-r2_remote_tv_skyworth12.bin,1
12761,tv,Skyworth,创维,tc9012-1,irda_tc9012-1_remote_tv_skyworth.bin,1
13025,tv,Skyworth,创维,tc9012,irda_tc9012_remote_tv_skyworth4.bin,1
13107,tv,Skyworth,创维,upd6121g,irda_upd6121g_remote_tv_collected_23.bin,1
13111,tv,Skyworth,创维,upd6121g,irda_upd6121g_remote_tv_collected_20.bin,1
13112,tv,Skyworth,创维,upd6121g,irda_upd6121g_remote_tv_collected_27.bin,1
13113,tv,Skyworth,创维,upd6121g,irda_upd6121g_remote_tv_collected_28.bin,1
13114,tv,Skyworth,创维,upd6121g,irda_upd6121g_remote_tv_collected_30.bin,1
13117,tv,Skyworth,创维,upd6121g,irda_upd6121g_remote_tv_collected_35.bin,1
13118,tv,Skyworth,创维,upd6121g,irda_upd6121g_remote_tv_collected_36.bin,1
13119,tv,Skyworth,创维,upd6121g,irda_upd6121g_remote_tv_collected_8409.bin,1
13120,tv,Skyworth,创维,upd6121g,irda_upd6121g_remote_tv_collected_8410.bin,1
13121,tv,Skyworth,创维,upd6121g,irda_upd6121g_remote_tv_collected_8411.bin,1
13122,tv,Skyworth,创维,upd6121g,irda_upd6121g_remote_tv_collected_8412.bin,1
13123,tv,Skyworth,创维,upd6121g,irda_upd6121g_remote_tv_collected_8417.bin,1
13124,tv,Skyworth,创维,upd6121g,irda_upd6121g_remote_tv_collected_8418.bin,1
13125,tv,Skyworth,创维,upd6121g,irda_upd6121g_remote_tv_collected_8419.bin,1
13126,tv,Skyworth,创维,upd6121g,irda_upd6121g_remote_tv_collected_8420.bin,1
13127,tv,Skyworth,创维,upd6121g,irda_upd6121g_remote_tv_collected_8421.bin,1
13128,tv,Skyworth,创维,upd6121g,irda_upd6121g_remote_tv_collected_8429.bin,1
13129,tv,Skyworth,创维,upd6121g,irda_upd6121g_remote_tv_collected_8430.bin,1
13130,tv,Skyworth,创维,upd6121g,irda_upd6121g_remote_tv_collected_8431.bin,1
13131,tv,Skyworth,创维,upd6121g,irda_upd6121g_remote_tv_collected_8433.bin,1
13132,tv,Skyworth,创维,upd6121g,irda_upd6121g_remote_tv_collected_8434.bin,1
13133,tv,Skyworth,创维,upd6121g,irda_upd6121g_remote_tv_collected_8438.bin,1
13134,tv,Skyworth,创维,upd6121g,irda_upd6121g_remote_tv_collected_8439.bin,1
13135,tv,Skyworth,创维,upd6121g,irda_upd6121g_remote_tv_collected_8444.bin,1
13136,tv,Skyworth,创维,upd6121g,irda_upd6121g_remote_tv_collected_24.bin,1
13137,tv,Skyworth,创维,upd6121g,irda_upd6121g_remote_tv_collected_25.bin,1
13138,tv,Skyworth,创维,m50560-r2,irda_m50560-r2_remote_tv_collected_21.bin,1
13240,tv,Skyworth,创维,m50560-r2,irda_m50560-r2_remote_tv_collected_34.bin,1
13241,tv,Skyworth,创维,m50560-r1,irda_m50560-r1_remote_tv_collected_8426.bin,1
13278,tv,Skyworth,创维,tc9012-1,irda_tc9012-1_remote_tv_collected_17.bin,1
13290,tv,Skyworth,创维,tc9012,irda_tc9012_remote_tv_collected_19.bin,1
13291,tv,Skyworth,创维,tc9012,irda_tc9012_remote_tv_collected_22.bin,1
13292,tv,Skyworth,创维,tc9012-1,irda_tc9012-1_remote_tv_collected_26.bin,1
13293,tv,Skyworth,创维,tc9012,irda_tc9012_remote_tv_collected_29.bin,1
13294,tv,Skyworth,创维,tc9012-1,irda_tc9012-1_remote_tv_collected_32.bin,1
13295,tv,Skyworth,创维,tc9012-0,irda_tc9012-0_remote_tv_collected_33.bin,1
13296,tv,Skyworth,创维,tc9012,irda_tc9012_remote_tv_collected_8416.bin,1
13297,tv,Skyworth,创维,tc9012,irda_tc9012_remote_tv_collected_8432.bin,1
13298,tv,Skyworth,创维,tc9012,irda_tc9012_remote_tv_collected_8435.bin,1
13320,tv,Skyworth,创维,tc9012,irda_tc9012_remote_tv_collected_216.bin,1
418,tv,SHARP,夏普,m50560,irda_m50560_remote_tv_000.bin,1
419,tv,SHARP,夏普,m50560,irda_m50560_remote_tv_003.bin,1
420,tv,SHARP,夏普,sharp_ix0773ce,irda_sharp_ix0773ce_remote_tv_243.bin,1
421,tv,SHARP,夏普,sharp_ix0773ce,irda_sharp_ix0773ce_remote_tv_245.bin,1
422,tv,SHARP,夏普,m50462,irda_m50462_remote_tv_273.bin,1
423,tv,SHARP,夏普,sharp_ix0773ce,irda_sharp_ix0773ce_remote_tv_326.bin,1
424,tv,SHARP,夏普,sharp_ix0773ce,irda_sharp_ix0773ce_remote_tv_328.bin,1
425,tv,SHARP,夏普,sharp_ix0773ce,irda_sharp_ix0773ce_remote_tv_329.bin,1
426,tv,SHARP,夏普,sharp_ix0773ce,irda_sharp_ix0773ce_remote_tv_355.bin,1
520,tv,SHARP,夏普,sharp_ix0773ce,irda_sharp_ix0773ce_remote_tv_442.bin,1
1628,tv,SHARP,夏普,sharp_ix0773ce-r3,irda_sharp_ix0773ce-r3_remote_tv_sharp.bin,1
1629,tv,SHARP,夏普,sharp_ix0773ce-r2,irda_sharp_ix0773ce-r2_remote_tv_sharp2.bin,1
4342,tv,SHARP,夏普,saa3010_rc5-11-r1,irda_saa3010_rc5-11-r1_remote_tv_sharp3.bin,1
8842,tv,SHARP,夏普,upd6121g,irda_upd6121g_remote_tv_sharp7.bin,1
8843,tv,SHARP,夏普,upd6121g,irda_upd6121g_remote_tv_sharp8.bin,1
8844,tv,SHARP,夏普,upd6121g,irda_upd6121g_remote_tv_sharp9.bin,1
9394,tv,SHARP,夏普,m50560-r2,irda_m50560-r2_remote_tv_sharp13.bin,1
9395,tv,SHARP,夏普,m50560-r2,irda_m50560-r2_remote_tv_sharp18.bin,1
9398,tv,SHARP,夏普,tc9012-1,irda_tc9012-1_remote_tv_sharp4.bin,1
9401,tv,SHARP,夏普,tc9012-1,irda_tc9012-1_remote_tv_sharp10.bin,1
9403,tv,SHARP,夏普,tc9012-1,irda_tc9012-1_remote_tv_sharp12.bin,1
9405,tv,SHARP,夏普,tc9012-1,irda_tc9012-1_remote_tv_sharp17.bin,1
11507,tv,SHARP,夏普,upd6121g,irda_upd6121g_remote_tv_sharp10.bin,1
11508,tv,SHARP,夏普,upd6124-r4,irda_upd6124-r4_remote_tv_sharp12.bin,1
11509,tv,SHARP,夏普,upd6121g,irda_upd6121g_remote_tv_sharp15.bin,1
11510,tv,SHARP,夏普,upd6121g,irda_upd6121g_remote_tv_sharp16.bin,1
11511,tv,SHARP,夏普,upd6121g,irda_upd6121g_remote_tv_sharp17.bin,1
11512,tv,SHARP,夏普,upd6121g,irda_upd6121g_remote_tv_sharp20.bin,1
11513,tv,SHARP,夏普,upd6121g,irda_upd6121g_remote_tv_sharp21.bin,1
11968,tv,SHARP,夏普,sharp_ix0773ce-r3,irda_sharp_ix0773ce-r3_remote_tv_t_sharp2.bin,1
12282,tv,SHARP,夏普,dvb_pan_7051_samsung-r1,irda_dvb_pan_7051_samsung-r1_remote_tv_sharp4.bin,1
12716,tv,SHARP,夏普,sharp_ix0773ce-r2,irda_sharp_ix0773ce-r2_remote_tv_sharp50.bin,1
13061,tv,SHARP,夏普,sharp_ix0773ce-r3,irda_sharp_ix0773ce-r3_remote_tv_sharp51.bin,1
13062,tv,SHARP,夏普,sharp_ix0773ce-r3,irda_sharp_ix0773ce-r3_remote_tv_sharp52.bin,1
13091,tv,SHARP,夏普,sharp_ix0773ce-r3,irda_sharp_ix0773ce-r3_remote_tv_sharp55.bin,0
13151,tv,SHARP,夏普,m50560-r2,irda_m50560-r2_remote_tv_collected_381.bin,1
13152,tv,SHARP,夏普,upd6121g,irda_upd6121g_remote_tv_collected_382.bin,1
13153,tv,SHARP,夏普,upd6121g,irda_upd6121g_remote_tv_collected_383.bin,1
13154,tv,SHARP,夏普,upd6121g,irda_upd6121g_remote_tv_collected_384.bin,1
13155,tv,SHARP,夏普,upd6121g,irda_upd6121g_remote_tv_collected_385.bin,1
13156,tv,SHARP,夏普,m50560-r2,irda_m50560-r2_remote_tv_collected_7134.bin,1
13157,tv,SHARP,夏普,upd6121g,irda_upd6121g_remote_tv_collected_7137.bin,1
13158,tv,SHARP,夏普,upd6121g,irda_upd6121g_remote_tv_collected_7138.bin,1
13216,tv,SHARP,夏普,upd6121g,irda_upd6121g_remote_tv_collected_7139.bin,1
13217,tv,SHARP,夏普,upd6121g,irda_upd6121g_remote_tv_collected_7140.bin,1
13218,tv,SHARP,夏普,upd6121g,irda_upd6121g_remote_tv_collected_7141.bin,1
13219,tv,SHARP,夏普,upd6121g,irda_upd6121g_remote_tv_collected_8351.bin,1
13334,tv,SHARP,夏普,tc9012-1,irda_tc9012-1_remote_tv_collected_386.bin,1
13335,tv,SHARP,夏普,tc9012-1,irda_tc9012-1_remote_tv_collected_7135.bin,1
13336,tv,SHARP,夏普,tc9012-1,irda_tc9012-1_remote_tv_collected_7136.bin,1
13337,tv,SHARP,夏普,tc9012-1,irda_tc9012-1_remote_tv_collected_7142.bin,1
227,tv,KONGKA,康佳,m50462,irda_m50462_remote_tv_001.bin,1
228,tv,KONGKA,康佳,tc9012,irda_tc9012_remote_tv_004.bin,1
229,tv,KONGKA,康佳,saa3010_rc5,irda_saa3010_rc5_remote_tv_010.bin,1
230,tv,KONGKA,康佳,saa3010_rc5,irda_saa3010_rc5_remote_tv_014.bin,1
231,tv,KONGKA,康佳,m50560,irda_m50560_remote_tv_027.bin,1
232,tv,KONGKA,康佳,konka_kk_y261,irda_konka_kk_y261_remote_tv_030.bin,1
233,tv,KONGKA,康佳,mn6014a_w_c6d6,irda_mn6014a_w_c6d6_remote_tv_032.bin,1
234,tv,KONGKA,康佳,m50560,irda_m50560_remote_tv_035.bin,1
235,tv,KONGKA,康佳,mn6014a_w_c6d6,irda_mn6014a_w_c6d6_remote_tv_038.bin,1
236,tv,KONGKA,康佳,m50560,irda_m50560_remote_tv_040.bin,1
237,tv,KONGKA,康佳,m3004_6c_lab1,irda_m3004_6c_lab1_remote_tv_050.bin,1
238,tv,KONGKA,康佳,tc9012,irda_tc9012_remote_tv_052.bin,1
239,tv,KONGKA,康佳,saa3010_rc5,irda_saa3010_rc5_remote_tv_056.bin,1
240,tv,KONGKA,康佳,m3004_6c_lab1,irda_m3004_6c_lab1_remote_tv_062.bin,1
241,tv,KONGKA,康佳,konka_kk_y261,irda_konka_kk_y261_remote_tv_072.bin,0
242,tv,KONGKA,康佳,tc9012,irda_tc9012_remote_tv_075.bin,1
243,tv,KONGKA,康佳,m50560,irda_m50560_remote_tv_078.bin,1
244,tv,KONGKA,康佳,m50560,irda_m50560_remote_tv_083.bin,1
245,tv,KONGKA,康佳,saa3010_rc5,irda_saa3010_rc5_remote_tv_084.bin,0
246,tv,KONGKA,康佳,konka_kk_y261,irda_konka_kk_y261_remote_tv_090.bin,1
247,tv,KONGKA,康佳,tc9012,irda_tc9012_remote_tv_095.bin,1
248,tv,KONGKA,康佳,saa3010_rc5,irda_saa3010_rc5_remote_tv_096.bin,1
249,tv,KONGKA,康佳,tc9012,irda_tc9012_remote_tv_105.bin,1
250,tv,KONGKA,康佳,m50560,irda_m50560_remote_tv_126.bin,1
251,tv,KONGKA,康佳,tc9012,irda_tc9012_remote_tv_134.bin,0
252,tv,KONGKA,康佳,lc7461m_c13,irda_lc7461m_c13_remote_tv_142.bin,0
253,tv,KONGKA,康佳,lc7461m_c13,irda_lc7461m_c13_remote_tv_143.bin,0
254,tv,KONGKA,康佳,tc9012,irda_tc9012_remote_tv_144.bin,0
255,tv,KONGKA,康佳,saa3010_rc5,irda_saa3010_rc5_remote_tv_145.bin,1
256,tv,KONGKA,康佳,m50560_001p_003p,irda_m50560_001p_003p_remote_tv_146.bin,1
257,tv,KONGKA,康佳,konka_kk_y261,irda_konka_kk_y261_remote_tv_147.bin,1
258,tv,KONGKA,康佳,konka_kk_y261,irda_konka_kk_y261_remote_tv_148.bin,1
259,tv,KONGKA,康佳,konka_kk_y261,irda_konka_kk_y261_remote_tv_149.bin,1
260,tv,KONGKA,康佳,lc7461m_c13,irda_lc7461m_c13_remote_tv_154.bin,1
261,tv,KONGKA,康佳,konka_kk_y261,irda_konka_kk_y261_remote_tv_174.bin,0
262,tv,KONGKA,康佳,konka_kk_y261,irda_konka_kk_y261_remote_tv_175.bin,1
263,tv,KONGKA,康佳,konka_kk_y261,irda_konka_kk_y261_remote_tv_176.bin,1
264,tv,KONGKA,康佳,konka_kk_y261,irda_konka_kk_y261_remote_tv_187.bin,0
265,tv,KONGKA,康佳,konka_kk_y261,irda_konka_kk_y261_remote_tv_188.bin,1
266,tv,KONGKA,康佳,konka_kk_y261,irda_konka_kk_y261_remote_tv_189.bin,1
267,tv,KONGKA,康佳,konka_kk_y261,irda_konka_kk_y261_remote_tv_201.bin,1
268,tv,KONGKA,康佳,m50560,irda_m50560_remote_tv_210.bin,1
269,tv,KONGKA,康佳,konka_kk_y261,irda_konka_kk_y261_remote_tv_214.bin,1
270,tv,KONGKA,康佳,konka_kk_y261,irda_konka_kk_y261_remote_tv_215.bin,0
271,tv,KONGKA,康佳,konka_kk_y261,irda_konka_kk_y261_remote_tv_218.bin,0
272,tv,KONGKA,康佳,konka_kk_y261,irda_konka_kk_y261_remote_tv_224.bin,1
506,tv,KONGKA,康佳,konka_kk_y261,irda_konka_kk_y261_remote_tv_426.bin,1
507,tv,KONGKA,康佳,konka_kk_y261,irda_konka_kk_y261_remote_tv_427.bin,1
508,tv,KONGKA,康佳,konka_kk_y261,irda_konka_kk_y261_remote_tv_428.bin,0
1625,tv,KONGKA,康佳,m50560-r3,irda_m50560-r3_remote_tv_konka3.bin,1
4344,tv,KONGKA,康佳,konka_kk_y261-r1,irda_konka_kk_y261-r1_remote_tv_konka.bin,1
4345,tv,KONGKA,康佳,konka_kk_y261-r3,irda_konka_kk_y261-r3_remote_tv_konka2.bin,1
8756,tv,KONGKA,康佳,upd6121g,irda_upd6121g_remote_tv_konka10.bin,1
8757,tv,KONGKA,康佳,upd6121g,irda_upd6121g_remote_tv_konka11.bin,1
10111,tv,KONGKA,康佳,m50462-r2,irda_m50462-r2_remote_tv_konka24.bin,1
10191,tv,KONGKA,康佳,lc7461m_c13,irda_lc7461m_c13_remote_tv_konka4.bin,1
10192,tv,KONGKA,康佳,lc7461m_c13,irda_lc7461m_c13_remote_tv_konka15.bin,1
11488,tv,KONGKA,康佳,m3004_6c_lab1-r2,irda_m3004_6c_lab1-r2_remote_tv_konka8.bin,1
12908,tv,KONGKA,康佳,konka_kk_y261,irda_konka_kk_y261_remote_tv_konka50.bin,1
13362,tv,KONGKA,康佳,tc9012,irda_tc9012_remote_tv_collected_72.bin,1
13363,tv,KONGKA,康佳,m50560-r2,irda_m50560-r2_remote_tv_collected_74.bin,1
13364,tv,KONGKA,康佳,m50560-r2,irda_m50560-r2_remote_tv_collected_75.bin,1
13365,tv,KONGKA,康佳,m50560-r2,irda_m50560-r2_remote_tv_collected_76.bin,1
13366,tv,KONGKA,康佳,tc9012-1,irda_tc9012-1_remote_tv_collected_77.bin,1
13367,tv,KONGKA,康佳,tc9012-1,irda_tc9012-1_remote_tv_collected_78.bin,1
13368,tv,KONGKA,康佳,tc9012-1,irda_tc9012-1_remote_tv_collected_7074.bin,1
13369,tv,KONGKA,康佳,m50560-r2,irda_m50560-r2_remote_tv_collected_7075.bin,1
13370,tv,KONGKA,康佳,m50560-r2,irda_m50560-r2_remote_tv_collected_7079.bin,1
13371,tv,KONGKA,康佳,tc9012-1,irda_tc9012-1_remote_tv_collected_7082.bin,1
13372,tv,KONGKA,康佳,upd6121g,irda_upd6121g_remote_tv_collected_7083.bin,1
13373,tv,KONGKA,康佳,tc9012-1,irda_tc9012-1_remote_tv_collected_7756.bin,1
13374,tv,KONGKA,康佳,upd6121g,irda_upd6121g_remote_tv_collected_7757.bin,1
13375,tv,KONGKA,康佳,upd6121g,irda_upd6121g_remote_tv_collected_7758.bin,1
13376,tv,KONGKA,康佳,upd6121g,irda_upd6121g_remote_tv_collected_7759.bin,1
13377,tv,KONGKA,康佳,m50560-r2,irda_m50560-r2_remote_tv_collected_7760.bin,1
13378,tv,KONGKA,康佳,m50560-r2,irda_m50560-r2_remote_tv_collected_7761.bin,1
13379,tv,KONGKA,康佳,m50560-r1,irda_m50560-r1_remote_tv_collected_7766.bin,1
13380,tv,KONGKA,康佳,tc9012,irda_tc9012_remote_tv_collected_7767.bin,1
13381,tv,KONGKA,康佳,upd6121g,irda_upd6121g_remote_tv_collected_8592.bin,1
13382,tv,KONGKA,康佳,tc9012,irda_tc9012_remote_tv_collected_8593.bin,1
13383,tv,KONGKA,康佳,upd6121g,irda_upd6121g_remote_tv_collected_8597.bin,1
13384,tv,KONGKA,康佳,tc9012,irda_tc9012_remote_tv_collected_8598.bin,1
13385,tv,KONGKA,康佳,upd6121g,irda_upd6121g_remote_tv_collected_8599.bin,1
405,tv,HITACHI,日立,upd6121g,irda_upd6121g_remote_tv_012.bin,1
406,tv,HITACHI,日立,upd6121g,irda_upd6121g_remote_tv_018.bin,1
407,tv,HITACHI,日立,upd6121g,irda_upd6121g_remote_tv_021.bin,1
408,tv,HITACHI,日立,upd6121g,irda_upd6121g_remote_tv_025.bin,0
409,tv,HITACHI,日立,upd6121g,irda_upd6121g_remote_tv_028.bin,1
410,tv,HITACHI,日立,upd6121g,irda_upd6121g_remote_tv_033.bin,1
411,tv,HITACHI,日立,upd6121g,irda_upd6121g_remote_tv_041.bin,1
412,tv,HITACHI,日立,m50560,irda_m50560_remote_tv_048.bin,1
413,tv,HITACHI,日立,upd6121g,irda_upd6121g_remote_tv_251.bin,1
414,tv,HITACHI,日立,upd6121g,irda_upd6121g_remote_tv_303.bin,1
415,tv,HITACHI,日立,upd6121g,irda_upd6121g_remote_tv_331.bin,1
416,tv,HITACHI,日立,upd6121g,irda_upd6121g_remote_tv_357.bin,1
417,tv,HITACHI,日立,sharp_ix0773ce,irda_sharp_ix0773ce_remote_tv_402.bin,1
8781,tv,HITACHI,日立,upd6121g,irda_upd6121g_remote_tv_hitachi.bin,1
8782,tv,HITACHI,日立,upd6121g,irda_upd6121g_remote_tv_hitachi1.bin,1
8783,tv,HITACHI,日立,upd6121g,irda_upd6121g_remote_tv_hitachi2.bin,1
11571,tv,HITACHI,日立,upd6121g,irda_upd6121g_remote_tv_hitachi5.bin,1
11572,tv,HITACHI,日立,upd6121g,irda_upd6121g_remote_tv_hitachi6.bin,1
11573,tv,HITACHI,日立,upd6121g,irda_upd6121g_remote_tv_hitachi7.bin,1
11574,tv,HITACHI,日立,upd6121g,irda_upd6121g_remote_tv_hitachi8.bin,1
11575,tv,HITACHI,日立,upd6121g,irda_upd6121g_remote_tv_hitachi9.bin,1
11576,tv,HITACHI,日立,saa3010_rc5-11-r1,irda_saa3010_rc5-11-r1_remote_tv_hitachi10.bin,1
13418,tv,HITACHI,日立,upd6121g,irda_upd6121g_remote_tv_collected_227.bin,1
13419,tv,HITACHI,日立,upd6121g,irda_upd6121g_remote_tv_collected_228.bin,1
13420,tv,HITACHI,日立,upd6121g,irda_upd6121g_remote_tv_collected_230.bin,1
13421,tv,HITACHI,日立,upd6121g,irda_upd6121g_remote_tv_collected_231.bin,1
13422,tv,HITACHI,日立,tc9012-1,irda_tc9012-1_remote_tv_collected_232.bin,1
13423,tv,HITACHI,日立,upd6121g,irda_upd6121g_remote_tv_collected_235.bin,1
13424,tv,HITACHI,日立,upd6121g,irda_upd6121g_remote_tv_collected_236.bin,1
13425,tv,HITACHI,日立,upd6121g,irda_upd6121g_remote_tv_collected_8027.bin,1
13426,tv,HITACHI,日立,upd6121g,irda_upd6121g_remote_tv_collected_8028.bin,1
13427,tv,HITACHI,日立,upd6121g,irda_upd6121g_remote_tv_collected_8029.bin,1
13428,tv,HITACHI,日立,upd6121g,irda_upd6121g_remote_tv_collected_8030.bin,1
13429,tv,HITACHI,日立,upd6121g,irda_upd6121g_remote_tv_collected_8662.bin,1
13430,tv,HITACHI,日立,upd6121g,irda_upd6121g_remote_tv_collected_8665.bin,1
13431,tv,HITACHI,日立,upd6121g,irda_upd6121g_remote_tv_collected_8666.bin,1
13432,tv,HITACHI,日立,m50560-r1,irda_m50560-r1_remote_tv_collected_8667.bin,1
13433,tv,HITACHI,日立,upd6121g,irda_upd6121g_remote_tv_collected_8676.bin,1
395,tv,Panasonic,松下,upd6121g,irda_upd6121g_remote_tv_021.bin,1
396,tv,Panasonic,松下,upd6121g,irda_upd6121g_remote_tv_033.bin,1
397,tv,Panasonic,松下,mn6014w_c5d6,irda_mn6014w_c5d6_remote_tv_036.bin,1
398,tv,Panasonic,松下,mn6014w_c5d6,irda_mn6014w_c5d6_remote_tv_220.bin,1
399,tv,Panasonic,松下,mn6014w_c5d6,irda_mn6014w_c5d6_remote_tv_237.bin,1
400,tv,Panasonic,松下,lc7464m_panasonic,irda_lc7464m_panasonic_remote_tv_252.bin,1
401,tv,Panasonic,松下,lc7464m_panasonic,irda_lc7464m_panasonic_remote_tv_269.bin,1
402,tv,Panasonic,松下,lc7464m_panasonic,irda_lc7464m_panasonic_remote_tv_276.bin,1
403,tv,Panasonic,松下,lc7464m_panasonic,irda_lc7464m_panasonic_remote_tv_392.bin,1
404,tv,Panasonic,松下,lc7464m_panasonic,irda_lc7464m_panasonic_remote_tv_399.bin,1
11330,tv,Panasonic,松下,lc7464m_panasonic,irda_lc7464m_panasonic_remote_tv_t_Panasonic1.bin,1
11345,tv,Panasonic,松下,lc7464m_panasonic,irda_lc7464m_panasonic_remote_tv_t_panasonic2.bin,1
12718,tv,Panasonic,松下,upd6121g,irda_upd6121g_remote_tv_panasonic50.bin,1
311,tv,HISENSE,海信,m50560,irda_m50560_remote_tv_000.bin,1
312,tv,HISENSE,海信,lc7461m_c13,irda_lc7461m_c13_remote_tv_011.bin,1
313,tv,HISENSE,海信,upd6121g,irda_upd6121g_remote_tv_012.bin,1
314,tv,HISENSE,海信,saa3010_rc5,irda_saa3010_rc5_remote_tv_014.bin,1
315,tv,HISENSE,海信,upd6121g,irda_upd6121g_remote_tv_018.bin,1
316,tv,HISENSE,海信,upd6121g,irda_upd6121g_remote_tv_021.bin,1
317,tv,HISENSE,海信,tc9012,irda_tc9012_remote_tv_023.bin,1
318,tv,HISENSE,海信,upd6121g,irda_upd6121g_remote_tv_024.bin,1
319,tv,HISENSE,海信,upd6121g,irda_upd6121g_remote_tv_025.bin,0
320,tv,HISENSE,海信,upd6121g,irda_upd6121g_remote_tv_028.bin,1
321,tv,HISENSE,海信,upd6121g,irda_upd6121g_remote_tv_033.bin,1
322,tv,HISENSE,海信,lc7461m_c13,irda_lc7461m_c13_remote_tv_037.bin,1
323,tv,HISENSE,海信,upd6121g,irda_upd6121g_remote_tv_041.bin,1
324,tv,HISENSE,海信,lc7461m_c13,irda_lc7461m_c13_remote_tv_043.bin,1
325,tv,HISENSE,海信,lc7461m_c13,irda_lc7461m_c13_remote_tv_044.bin,1
326,tv,HISENSE,海信,upd6121g,irda_upd6121g_remote_tv_049.bin,1
327,tv,HISENSE,海信,saa3010_rc5,irda_saa3010_rc5_remote_tv_053.bin,1
328,tv,HISENSE,海信,saa3010_rc5,irda_saa3010_rc5_remote_tv_058.bin,1
329,tv,HISENSE,海信,saa3010_rc5,irda_saa3010_rc5_remote_tv_059.bin,0
330,tv,HISENSE,海信,lc7461m_c13,irda_lc7461m_c13_remote_tv_060.bin,1
331,tv,HISENSE,海信,lc7461m_c13,irda_lc7461m_c13_remote_tv_061.bin,0
332,tv,HISENSE,海信,saa3010_rc5,irda_saa3010_rc5_remote_tv_064.bin,1
333,tv,HISENSE,海信,m50462,irda_m50462_remote_tv_065.bin,1
334,tv,HISENSE,海信,tc9012f,irda_tc9012f_remote_tv_067.bin,1
335,tv,HISENSE,海信,tc9012,irda_tc9012_remote_tv_068.bin,1
336,tv,HISENSE,海信,tc9012,irda_tc9012_remote_tv_076.bin,1
337,tv,HISENSE,海信,tc9012f,irda_tc9012f_remote_tv_077.bin,1
338,tv,HISENSE,海信,upd6121g,irda_upd6121g_remote_tv_080.bin,1
339,tv,HISENSE,海信,upd6121g,irda_upd6121g_remote_tv_081.bin,1
340,tv,HISENSE,海信,upd6121g,irda_upd6121g_remote_tv_082.bin,1
341,tv,HISENSE,海信,saa3010_rc5,irda_saa3010_rc5_remote_tv_085.bin,1
342,tv,HISENSE,海信,tc9012,irda_tc9012_remote_tv_100.bin,1
343,tv,HISENSE,海信,tc9012,irda_tc9012_remote_tv_101.bin,1
344,tv,HISENSE,海信,tc9012,irda_tc9012_remote_tv_102.bin,1
345,tv,HISENSE,海信,saa3010_rc5,irda_saa3010_rc5_remote_tv_103.bin,1
346,tv,HISENSE,海信,tc9012,irda_tc9012_remote_tv_115.bin,1
347,tv,HISENSE,海信,tc9012,irda_tc9012_remote_tv_116.bin,0
348,tv,HISENSE,海信,tc9012,irda_tc9012_remote_tv_117.bin,0
349,tv,HISENSE,海信,tc9012,irda_tc9012_remote_tv_128.bin,1
350,tv,HISENSE,海信,tc9012,irda_tc9012_remote_tv_151.bin,1
351,tv,HISENSE,海信,m50560,irda_m50560_remote_tv_152.bin,1
352,tv,HISENSE,海信,tc9012,irda_tc9012_remote_tv_153.bin,0
353,tv,HISENSE,海信,m50560,irda_m50560_remote_tv_155.bin,1
354,tv,HISENSE,海信,upd6121g,irda_upd6121g_remote_tv_156.bin,1
355,tv,HISENSE,海信,tc9012,irda_tc9012_remote_tv_172.bin,0
356,tv,HISENSE,海信,upd6121g,irda_upd6121g_remote_tv_196.bin,1
357,tv,HISENSE,海信,tc9012,irda_tc9012_remote_tv_197.bin,1
358,tv,HISENSE,海信,tc9012,irda_tc9012_remote_tv_198.bin,1
359,tv,HISENSE,海信,upd6121g,irda_upd6121g_remote_tv_204.bin,1
360,tv,HISENSE,海信,upd6121g,irda_upd6121g_remote_tv_222.bin,1
361,tv,HISENSE,海信,upd6121g,irda_upd6121g_remote_tv_223.bin,1
492,tv,HISENSE,海信,upd6121g,irda_upd6121g_remote_tv_412.bin,1
493,tv,HISENSE,海信,upd6121g,irda_upd6121g_remote_tv_413.bin,1
515,tv,HISENSE,海信,upd6121g,irda_upd6121g_remote_tv_436.bin,1
516,tv,HISENSE,海信,upd6121g,irda_upd6121g_remote_tv_437.bin,1
517,tv,HISENSE,海信,upd6121g,irda_upd6121g_remote_tv_438.bin,1
518,tv,HISENSE,海信,upd6121g,irda_upd6121g_remote_tv_440.bin,1
519,tv,HISENSE,海信,upd6121g,irda_upd6121g_remote_tv_441.bin,1
1605,tv,HISENSE,海信,upd6121g,irda_upd6121g_remote_tv_hisense.bin,1
1606,tv,HISENSE,海信,upd6121g,irda_upd6121g_remote_tv_hisense2.bin,1
1607,tv,HISENSE,海信,tc9012,irda_tc9012_remote_tv_hisense3.bin,1
8726,tv,HISENSE,海信,upd6121g,irda_upd6121g_remote_tv_hisense4.bin,1
10167,tv,HISENSE,海信,lc7461m_c13,irda_lc7461m_c13_remote_tv_hisense4.bin,1
10168,tv,HISENSE,海信,lc7461m_c13,irda_lc7461m_c13_remote_tv_hisense16.bin,1
11471,tv,HISENSE,海信,m3004_6c_lab1-1-r1,irda_m3004_6c_lab1-1-r1_remote_tv_hisense8.bin,1
11519,tv,HISENSE,海信,m3004_6c_lab1-1-r1,irda_m3004_6c_lab1-1-r1_remote_tv_hisense11.bin,1
13139,tv,HISENSE,海信,upd6121g,irda_upd6121g_remote_tv_collected_58.bin,1
13140,tv,HISENSE,海信,upd6121g,irda_upd6121g_remote_tv_collected_59.bin,1
13141,tv,HISENSE,海信,upd6121g,irda_upd6121g_remote_tv_collected_65.bin,1
13142,tv,HISENSE,海信,upd6121g,irda_upd6121g_remote_tv_collected_68.bin,1
13143,tv,HISENSE,海信,upd6121g,irda_upd6121g_remote_tv_collected_7065.bin,1
13144,tv,HISENSE,海信,upd6121g,irda_upd6121g_remote_tv_collected_7066.bin,1
13145,tv,HISENSE,海信,upd6121g,irda_upd6121g_remote_tv_collected_7068.bin,1
13146,tv,HISENSE,海信,upd6121g,irda_upd6121g_remote_tv_collected_7069.bin,1
13147,tv,HISENSE,海信,upd6121g,irda_upd6121g_remote_tv_collected_7070.bin,1
13148,tv,HISENSE,海信,upd6121g,irda_upd6121g_remote_tv_collected_7071.bin,1
13149,tv,HISENSE,海信,upd6121g,irda_upd6121g_remote_tv_collected_8201.bin,1
13150,tv,HISENSE,海信,upd6121g,irda_upd6121g_remote_tv_collected_8202.bin,1
13159,tv,HISENSE,海信,upd6121g,irda_upd6121g_remote_tv_collected_8243.bin,1
13160,tv,HISENSE,海信,upd6121g,irda_upd6121g_remote_tv_collected_8245.bin,1
13161,tv,HISENSE,海信,upd6121g,irda_upd6121g_remote_tv_collected_8246.bin,1
13162,tv,HISENSE,海信,upd6121g,irda_upd6121g_remote_tv_collected_8247.bin,1
13163,tv,HISENSE,海信,upd6121g,irda_upd6121g_remote_tv_collected_8248.bin,1
13164,tv,HISENSE,海信,upd6121g,irda_upd6121g_remote_tv_collected_8249.bin,1
13165,tv,HISENSE,海信,upd6121g,irda_upd6121g_remote_tv_collected_8253.bin,1
13166,tv,HISENSE,海信,upd6121g,irda_upd6121g_remote_tv_collected_8254.bin,1
13167,tv,HISENSE,海信,upd6121g,irda_upd6121g_remote_tv_collected_8256.bin,1
13168,tv,HISENSE,海信,upd6121g,irda_upd6121g_remote_tv_collected_8257.bin,1
13169,tv,HISENSE,海信,upd6121g,irda_upd6121g_remote_tv_collected_8258.bin,1
13170,tv,HISENSE,海信,upd6121g,irda_upd6121g_remote_tv_collected_8259.bin,1
13171,tv,HISENSE,海信,upd6121g,irda_upd6121g_remote_tv_collected_8261.bin,1
13172,tv,HISENSE,海信,upd6121g,irda_upd6121g_remote_tv_collected_8281.bin,1
13173,tv,HISENSE,海信,upd6121g,irda_upd6121g_remote_tv_collected_8282.bin,1
13299,tv,HISENSE,海信,tc9012,irda_tc9012_remote_tv_collected_60.bin,1
13300,tv,HISENSE,海信,tc9012,irda_tc9012_remote_tv_collected_61.bin,1
13301,tv,HISENSE,海信,tc9012-1,irda_tc9012-1_remote_tv_collected_66.bin,1
13302,tv,HISENSE,海信,tc9012-1,irda_tc9012-1_remote_tv_collected_67.bin,1
13303,tv,HISENSE,海信,tc9012-1,irda_tc9012-1_remote_tv_collected_7063.bin,1
13304,tv,HISENSE,海信,tc9012-1,irda_tc9012-1_remote_tv_collected_7072.bin,1
13305,tv,HISENSE,海信,tc9012,irda_tc9012_remote_tv_collected_8203.bin,1
13306,tv,HISENSE,海信,tc9012,irda_tc9012_remote_tv_collected_8241.bin,1
13307,tv,HISENSE,海信,tc9012,irda_tc9012_remote_tv_collected_8242.bin,1
13308,tv,HISENSE,海信,tc9012,irda_tc9012_remote_tv_collected_8244.bin,1
13309,tv,HISENSE,海信,tc9012,irda_tc9012_remote_tv_collected_8250.bin,1
13310,tv,HISENSE,海信,tc9012,irda_tc9012_remote_tv_collected_8251.bin,1
13311,tv,HISENSE,海信,tc9012,irda_tc9012_remote_tv_collected_8255.bin,1
362,tv,Haier,海尔,lc7461m_c13,irda_lc7461m_c13_remote_tv_037.bin,1
363,tv,Haier,海尔,upd6121g,irda_upd6121g_remote_tv_049.bin,1
364,tv,Haier,海尔,saa3010_rc5,irda_saa3010_rc5_remote_tv_058.bin,1
365,tv,Haier,海尔,saa3010_rc5,irda_saa3010_rc5_remote_tv_059.bin,1
366,tv,Haier,海尔,lc7461m_c13,irda_lc7461m_c13_remote_tv_060.bin,1
367,tv,Haier,海尔,lc7461m_c13,irda_lc7461m_c13_remote_tv_061.bin,1
368,tv,Haier,海尔,saa3010_rc5,irda_saa3010_rc5_remote_tv_249.bin,1
369,tv,Haier,海尔,lc7461m_c13,irda_lc7461m_c13_remote_tv_254.bin,1
370,tv,Haier,海尔,tc9012,irda_tc9012_remote_tv_267.bin,1
371,tv,Haier,海尔,saa3010_rc5,irda_saa3010_rc5_remote_tv_300.bin,1
372,tv,Haier,海尔,tc9012,irda_tc9012_remote_tv_327.bin,1
373,tv,Haier,海尔,tc9012,irda_tc9012_remote_tv_340.bin,1
374,tv,Haier,海尔,tc9012,irda_tc9012_remote_tv_356.bin,1
375,tv,Haier,海尔,lc7461m_c13,irda_lc7461m_c13_remote_tv_358.bin,1
376,tv,Haier,海尔,upd6121g,irda_upd6121g_remote_tv_362.bin,1
377,tv,Haier,海尔,tc9012,irda_tc9012_remote_tv_391.bin,1
378,tv,Haier,海尔,upd6121g,irda_upd6121g_remote_tv_393.bin,1
379,tv,Haier,海尔,m50462,irda_m50462_remote_tv_394.bin,1
380,tv,Haier,海尔,tc9012,irda_tc9012_remote_tv_398.bin,1
381,tv,Haier,海尔,saa3010_rc5,irda_saa3010_rc5_remote_tv_401.bin,1
494,tv,Haier,海尔,tc9012,irda_tc9012_remote_tv_414.bin,1
504,tv,Haier,海尔,tc9012,irda_tc9012_remote_tv_424.bin,1
505,tv,Haier,海尔,tc9012,irda_tc9012_remote_tv_425.bin,1
1618,tv,Haier,海尔,tc9012,irda_tc9012_remote_tv_haier2.bin,1
1624,tv,Haier,海尔,tc9012-1,irda_tc9012-1_remote_tv_haier.bin,1
4339,tv,Haier,海尔,saa3010_rc5-11-r1,irda_saa3010_rc5-11-r1_remote_tv_haier3.bin,1
8795,tv,Haier,海尔,upd6121g,irda_upd6121g_remote_tv_haier3.bin,1
8796,tv,Haier,海尔,upd6121g,irda_upd6121g_remote_tv_haier6.bin,1
8808,tv,Haier,海尔,upd6121g,irda_upd6121g_remote_tv_haier7.bin,1
8817,tv,Haier,海尔,upd6121g,irda_upd6121g_remote_tv_haier8.bin,1
10170,tv,Haier,海尔,lc7461m_c13,irda_lc7461m_c13_remote_tv_haier9.bin,1
10171,tv,Haier,海尔,lc7461m_c13,irda_lc7461m_c13_remote_tv_haier21.bin,1
10172,tv,Haier,海尔,lc7461m_c13,irda_lc7461m_c13_remote_tv_haier22.bin,1
10173,tv,Haier,海尔,lc7461m_c13,irda_lc7461m_c13_remote_tv_haier27.bin,1
13247,tv,Haier,海尔,upd6121g,irda_upd6121g_remote_tv_collected_80.bin,1
13264,tv,Haier,海尔,m50560-r2,irda_m50560-r2_remote_tv_collected_86.bin,1
13265,tv,Haier,海尔,upd6121g,irda_upd6121g_remote_tv_collected_87.bin,1
13266,tv,Haier,海尔,upd6121g,irda_upd6121g_remote_tv_collected_88.bin,1
13267,tv,Haier,海尔,upd6121g,irda_upd6121g_remote_tv_collected_7110.bin,1
13268,tv,Haier,海尔,upd6121g,irda_upd6121g_remote_tv_collected_7114.bin,1
13269,tv,Haier,海尔,upd6121g,irda_upd6121g_remote_tv_collected_7115.bin,1
13270,tv,Haier,海尔,upd6121g,irda_upd6121g_remote_tv_collected_7117.bin,1
13271,tv,Haier,海尔,upd6121g,irda_upd6121g_remote_tv_collected_7118.bin,1
13272,tv,Haier,海尔,upd6121g,irda_upd6121g_remote_tv_collected_7119.bin,1
13273,tv,Haier,海尔,upd6121g,irda_upd6121g_remote_tv_collected_7496.bin,1
13274,tv,Haier,海尔,upd6121g,irda_upd6121g_remote_tv_collected_7497.bin,1
13275,tv,Haier,海尔,upd6121g,irda_upd6121g_remote_tv_collected_7499.bin,1
13276,tv,Haier,海尔,m50560-r1,irda_m50560-r1_remote_tv_collected_7565.bin,1
13277,tv,Haier,海尔,upd6121g,irda_upd6121g_remote_tv_collected_7570.bin,1
13280,tv,Haier,海尔,tc9012-1,irda_tc9012-1_remote_tv_collected_79.bin,1
13281,tv,Haier,海尔,tc9012-1,irda_tc9012-1_remote_tv_collected_81.bin,1
13282,tv,Haier,海尔,tc9012-0,irda_tc9012-0_remote_tv_collected_7111.bin,1
13283,tv,Haier,海尔,tc9012-1,irda_tc9012-1_remote_tv_collected_7112.bin,1
13284,tv,Haier,海尔,tc9012,irda_tc9012_remote_tv_collected_7113.bin,1
13285,tv,Haier,海尔,tc9012-1,irda_tc9012-1_remote_tv_collected_7121.bin,1
13286,tv,Haier,海尔,tc9012,irda_tc9012_remote_tv_collected_7494.bin,1
13287,tv,Haier,海尔,upd6121g,irda_upd6121g_remote_tv_collected_7571.bin,1
13288,tv,Haier,海尔,tc9012,irda_tc9012_remote_tv_collected_7572.bin,1
13289,tv,Haier,海尔,tc9012,irda_tc9012_remote_tv_collected_7573.bin,1
13352,tv,Haier,海尔,upd6121g,irda_upd6121g_remote_tv_collected_7574.bin,1
13353,tv,Haier,海尔,upd6121g,irda_upd6121g_remote_tv_collected_7575.bin,1
13354,tv,Haier,海尔,upd6121g,irda_upd6121g_remote_tv_collected_8600.bin,1
13355,tv,Haier,海尔,tc9012,irda_tc9012_remote_tv_collected_8601.bin,1
13356,tv,Haier,海尔,upd6121g,irda_upd6121g_remote_tv_collected_8602.bin,1
13357,tv,Haier,海尔,upd6121g,irda_upd6121g_remote_tv_collected_8603.bin,1
13358,tv,Haier,海尔,upd6121g,irda_upd6121g_remote_tv_collected_8604.bin,1
13359,tv,Haier,海尔,upd6121g,irda_upd6121g_remote_tv_collected_8605.bin,1
13360,tv,Haier,海尔,m50560-r1,irda_m50560-r1_remote_tv_collected_8606.bin,1
13361,tv,Haier,海尔,m50560-r1,irda_m50560-r1_remote_tv_collected_8607.bin,1
382,tv,Sony,索尼,m50119p,irda_m50119p_remote_tv_253.bin,1
383,tv,Sony,索尼,upd6124,irda_upd6124_remote_tv_259.bin,1
384,tv,Sony,索尼,upd6124,irda_upd6124_remote_tv_275.bin,1
385,tv,Sony,索尼,upd6124,irda_upd6124_remote_tv_293.bin,1
386,tv,Sony,索尼,upd6124,irda_upd6124_remote_tv_312.bin,0
387,tv,Sony,索尼,upd6124,irda_upd6124_remote_tv_321.bin,1
388,tv,Sony,索尼,upd6124,irda_upd6124_remote_tv_322.bin,1
389,tv,Sony,索尼,upd6124,irda_upd6124_remote_tv_323.bin,1
390,tv,Sony,索尼,lc7461m_c13,irda_lc7461m_c13_remote_tv_332.bin,1
391,tv,Sony,索尼,custom_6bit,irda_custom_6bit_remote_tv_366.bin,1
392,tv,Sony,索尼,upd6124,irda_upd6124_remote_tv_382.bin,1
393,tv,Sony,索尼,upd6124,irda_upd6124_remote_tv_383.bin,0
394,tv,Sony,索尼,upd6124,irda_upd6124_remote_tv_397.bin,0
1621,tv,Sony,索尼,upd6121g,irda_upd6121g_remote_tv_sony3.bin,1
1626,tv,Sony,索尼,upd6124-r3,irda_upd6124-r3_remote_tv_sony.bin,1
1627,tv,Sony,索尼,upd6124-r1,irda_upd6124-r1_remote_tv_sony2.bin,1
8789,tv,Sony,索尼,upd6121g,irda_upd6121g_remote_tv_sony5.bin,1
8811,tv,Sony,索尼,upd6121g,irda_upd6121g_remote_tv_sony4.bin,1
10219,tv,Sony,索尼,lc7461m_c13,irda_lc7461m_c13_remote_tv_sony7.bin,1
11230,tv,Sony,索尼,upd6124-r3,irda_upd6124-r3_remote_tv_t_sony1.bin,1
11347,tv,Sony,索尼,upd6124-r3,irda_upd6124-r3_remote_tv_t_sony2.bin,1
13386,tv,Sony,索尼,upd6121g,irda_upd6121g_remote_tv_collected_110.bin,1
13387,tv,Sony,索尼,upd6121g,irda_upd6121g_remote_tv_collected_111.bin,1
13388,tv,Sony,索尼,upd6121g,irda_upd6121g_remote_tv_collected_113.bin,1
13389,tv,Sony,索尼,upd6121g,irda_upd6121g_remote_tv_collected_114.bin,1
185,tv,CHANG HONG,长虹,m50462,irda_m50462_remote_tv_001.bin,1
186,tv,CHANG HONG,长虹,tc9012,irda_tc9012_remote_tv_002.bin,1
187,tv,CHANG HONG,长虹,m50560,irda_m50560_remote_tv_003.bin,1
188,tv,CHANG HONG,长虹,saa3010_rc5,irda_saa3010_rc5_remote_tv_010.bin,1
189,tv,CHANG HONG,长虹,lc7461m_c13,irda_lc7461m_c13_remote_tv_011.bin,1
190,tv,CHANG HONG,长虹,upd6121g,irda_upd6121g_remote_tv_012.bin,1
191,tv,CHANG HONG,长虹,m50462,irda_m50462_remote_tv_013.bin,1
192,tv,CHANG HONG,长虹,lc7461m_c13,irda_lc7461m_c13_remote_tv_017.bin,1
193,tv,CHANG HONG,长虹,upd6121g,irda_upd6121g_remote_tv_018.bin,1
194,tv,CHANG HONG,长虹,lc7461m_c13,irda_lc7461m_c13_remote_tv_020.bin,1
195,tv,CHANG HONG,长虹,upd6121g,irda_upd6121g_remote_tv_021.bin,1
196,tv,CHANG HONG,长虹,upd6121g,irda_upd6121g_remote_tv_022.bin,1
197,tv,CHANG HONG,长虹,upd6121g,irda_upd6121g_remote_tv_025.bin,0
198,tv,CHANG HONG,长虹,m50560,irda_m50560_remote_tv_026.bin,1
199,tv,CHANG HONG,长虹,m50560,irda_m50560_remote_tv_027.bin,1
200,tv,CHANG HONG,长虹,m50560,irda_m50560_remote_tv_034.bin,1
201,tv,CHANG HONG,长虹,upd6121g,irda_upd6121g_remote_tv_055.bin,1
202,tv,CHANG HONG,长虹,upd6121g,irda_upd6121g_remote_tv_070.bin,1
203,tv,CHANG HONG,长虹,upd6121g,irda_upd6121g_remote_tv_071.bin,0
204,tv,CHANG HONG,长虹,upd6121g,irda_upd6121g_remote_tv_093.bin,0
205,tv,CHANG HONG,长虹,saa3010_rc5,irda_saa3010_rc5_remote_tv_108.bin,1
206,tv,CHANG HONG,长虹,upd6121g,irda_upd6121g_remote_tv_109.bin,1
207,tv,CHANG HONG,长虹,upd6121g,irda_upd6121g_remote_tv_110.bin,1
208,tv,CHANG HONG,长虹,tc9012,irda_tc9012_remote_tv_111.bin,1
209,tv,CHANG HONG,长虹,saa3010_rc5,irda_saa3010_rc5_remote_tv_112.bin,1
210,tv,CHANG HONG,长虹,upd6121g,irda_upd6121g_remote_tv_113.bin,1
211,tv,CHANG HONG,长虹,tc9012,irda_tc9012_remote_tv_123.bin,1
212,tv,CHANG HONG,长虹,tc9012,irda_tc9012_remote_tv_125.bin,1
213,tv,CHANG HONG,长虹,lc7461m_c13,irda_lc7461m_c13_remote_tv_130.bin,0
214,tv,CHANG HONG,长虹,saa3010_rc5,irda_saa3010_rc5_remote_tv_132.bin,0
215,tv,CHANG HONG,长虹,tc9012,irda_tc9012_remote_tv_140.bin,1
216,tv,CHANG HONG,长虹,upd6121g,irda_upd6121g_remote_tv_166.bin,1
217,tv,CHANG HONG,长虹,upd6121g,irda_upd6121g_remote_tv_167.bin,0
218,tv,CHANG HONG,长虹,upd6121g,irda_upd6121g_remote_tv_168.bin,0
219,tv,CHANG HONG,长虹,upd6121g,irda_upd6121g_remote_tv_169.bin,1
220,tv,CHANG HONG,长虹,upd6121g,irda_upd6121g_remote_tv_170.bin,1
221,tv,CHANG HONG,长虹,upd6121g,irda_upd6121g_remote_tv_171.bin,1
222,tv,CHANG HONG,长虹,upd6121g,irda_upd6121g_remote_tv_173.bin,0
223,tv,CHANG HONG,长虹,upd6121g,irda_upd6121g_remote_tv_193.bin,0
224,tv,CHANG HONG,长虹,upd6121g,irda_upd6121g_remote_tv_194.bin,1
225,tv,CHANG HONG,长虹,upd6121g,irda_upd6121g_remote_tv_195.bin,0
226,tv,CHANG HONG,长虹,upd6121g,irda_upd6121g_remote_tv_208.bin,1
489,tv,CHANG HONG,长虹,upd6121g,irda_upd6121g_remote_tv_409.bin,1
509,tv,CHANG HONG,长虹,upd6121g,irda_upd6121g_remote_tv_429.bin,1
510,tv,CHANG HONG,长虹,upd6121g,irda_upd6121g_remote_tv_430.bin,1
511,tv,CHANG HONG,长虹,upd6121g,irda_upd6121g_remote_tv_431.bin,0
512,tv,CHANG HONG,长虹,upd6121g,irda_upd6121g_remote_tv_433.bin,1
513,tv,CHANG HONG,长虹,upd6121g,irda_upd6121g_remote_tv_434.bin,1
514,tv,CHANG HONG,长虹,upd6121g,irda_upd6121g_remote_tv_435.bin,1
523,tv,CHANG HONG,长虹,upd6121g,irda_upd6121g_remote_tv_185.bin,1
1611,tv,CHANG HONG,长虹,upd6121g,irda_upd6121g_remote_tv_changhong.bin,0
1612,tv,CHANG HONG,长虹,upd6121g,irda_upd6121g_remote_tv_changhong2.bin,1
1613,tv,CHANG HONG,长虹,upd6121g,irda_upd6121g_remote_tv_changhong3.bin,1
4305,tv,CHANG HONG,长虹,upd6121g,irda_upd6121g_remote_tv_changhong4.bin,0
4306,tv,CHANG HONG,长虹,upd6121g,irda_upd6121g_remote_tv_changhong7.bin,1
4307,tv,CHANG HONG,长虹,upd6121g,irda_upd6121g_remote_tv_changhong9.bin,1
4308,tv,CHANG HONG,长虹,upd6121g,irda_upd6121g_remote_tv_changhong10.bin,1
4309,tv,CHANG HONG,长虹,upd6121g,irda_upd6121g_remote_tv_changhong15.bin,1
4310,tv,CHANG HONG,长虹,upd6121g,irda_upd6121g_remote_tv_changhong16.bin,1
4311,tv,CHANG HONG,长虹,upd6121g,irda_upd6121g_remote_tv_changhong17.bin,1
4312,tv,CHANG HONG,长虹,upd6121g,irda_upd6121g_remote_tv_changhong18.bin,1
4313,tv,CHANG HONG,长虹,upd6121g,irda_upd6121g_remote_tv_changhong23.bin,1
4314,tv,CHANG HONG,长虹,upd6121g,irda_upd6121g_remote_tv_changhong24.bin,1
9627,tv,CHANG HONG,长虹,m50560-r2,irda_m50560-r2_remote_tv_changhong12.bin,1
10093,tv,CHANG HONG,长虹,m50462-r2,irda_m50462-r2_remote_tv_changhong5.bin,1
10131,tv,CHANG HONG,长虹,lc7461m_c13,irda_lc7461m_c13_remote_tv_changhong11.bin,1
12284,tv,CHANG HONG,长虹,upd6121g,irda_upd6121g_remote_tv_changhong50.bin,1
13187,tv,CHANG HONG,长虹,upd6121g,irda_upd6121g_remote_tv_collected_37.bin,1
13188,tv,CHANG HONG,长虹,upd6121g,irda_upd6121g_remote_tv_collected_38.bin,1
13189,tv,CHANG HONG,长虹,upd6121g,irda_upd6121g_remote_tv_collected_39.bin,1
13190,tv,CHANG HONG,长虹,upd6121g,irda_upd6121g_remote_tv_collected_40.bin,1
13191,tv,CHANG HONG,长虹,upd6121g,irda_upd6121g_remote_tv_collected_41.bin,1
13192,tv,CHANG HONG,长虹,m50560-r2,irda_m50560-r2_remote_tv_collected_46.bin,1
13193,tv,CHANG HONG,长虹,m50560-r2,irda_m50560-r2_remote_tv_collected_7051.bin,1
13194,tv,CHANG HONG,长虹,upd6121g,irda_upd6121g_remote_tv_collected_7052.bin,1
13195,tv,CHANG HONG,长虹,upd6121g,irda_upd6121g_remote_tv_collected_7053.bin,1
13196,tv,CHANG HONG,长虹,upd6121g,irda_upd6121g_remote_tv_collected_7055.bin,1
13197,tv,CHANG HONG,长虹,m50560-r2,irda_m50560-r2_remote_tv_collected_7056.bin,1
13198,tv,CHANG HONG,长虹,m50560-r2,irda_m50560-r2_remote_tv_collected_7057.bin,1
13199,tv,CHANG HONG,长虹,upd6121g,irda_upd6121g_remote_tv_collected_7058.bin,1
13200,tv,CHANG HONG,长虹,upd6121g,irda_upd6121g_remote_tv_collected_7059.bin,1
13201,tv,CHANG HONG,长虹,upd6121g,irda_upd6121g_remote_tv_collected_7829.bin,1
13202,tv,CHANG HONG,长虹,m50560-r1,irda_m50560-r1_remote_tv_collected_8267.bin,1
13203,tv,CHANG HONG,长虹,m50560-r1,irda_m50560-r1_remote_tv_collected_8266.bin,1
13204,tv,CHANG HONG,长虹,m50560-r1,irda_m50560-r1_remote_tv_collected_8265.bin,1
13205,tv,CHANG HONG,长虹,upd6121g,irda_upd6121g_remote_tv_collected_7830.bin,1
13206,tv,CHANG HONG,长虹,upd6121g,irda_upd6121g_remote_tv_collected_7831.bin,1
13207,tv,CHANG HONG,长虹,upd6121g,irda_upd6121g_remote_tv_collected_7832.bin,1
13208,tv,CHANG HONG,长虹,upd6121g,irda_upd6121g_remote_tv_collected_7833.bin,1
13209,tv,CHANG HONG,长虹,upd6121g,irda_upd6121g_remote_tv_collected_8276.bin,1
13210,tv,CHANG HONG,长虹,upd6121g,irda_upd6121g_remote_tv_collected_8273.bin,1
13211,tv,CHANG HONG,长虹,upd6121g,irda_upd6121g_remote_tv_collected_8270.bin,1
13212,tv,CHANG HONG,长虹,m50560-r1,irda_m50560-r1_remote_tv_collected_8268.bin,1
13213,tv,CHANG HONG,长虹,m50560-r1,irda_m50560-r1_remote_tv_collected_8269.bin,1
13214,tv,CHANG HONG,长虹,upd6121g,irda_upd6121g_remote_tv_collected_8271.bin,1
13215,tv,CHANG HONG,长虹,upd6121g,irda_upd6121g_remote_tv_collected_8275.bin,1
13329,tv,CHANG HONG,长虹,tc9012-1,irda_tc9012-1_remote_tv_collected_43.bin,1
13330,tv,CHANG HONG,长虹,tc9012-1,irda_tc9012-1_remote_tv_collected_7054.bin,1
13331,tv,CHANG HONG,长虹,tc9012,irda_tc9012_remote_tv_collected_8272.bin,1
13332,tv,CHANG HONG,长虹,tc9012,irda_tc9012_remote_tv_collected_8274.bin,1
13333,tv,CHANG HONG,长虹,tc9012,irda_tc9012_remote_tv_collected_8278.bin,1
449,tv,Philips,飞利浦,saa3010_rc5,irda_saa3010_rc5_remote_tv_006.bin,1
450,tv,Philips,飞利浦,saa3010_rc5,irda_saa3010_rc5_remote_tv_007.bin,1
451,tv,Philips,飞利浦,saa3010_rc5,irda_saa3010_rc5_remote_tv_008.bin,1
452,tv,Philips,飞利浦,saa3010_rc5,irda_saa3010_rc5_remote_tv_015.bin,1
453,tv,Philips,飞利浦,saa3010_rc5,irda_saa3010_rc5_remote_tv_039.bin,1
454,tv,Philips,飞利浦,saa3010_rc5,irda_saa3010_rc5_remote_tv_248.bin,1
455,tv,Philips,飞利浦,saa3010_rc5,irda_saa3010_rc5_remote_tv_324.bin,1
456,tv,Philips,飞利浦,saa3010_rc5,irda_saa3010_rc5_remote_tv_325.bin,0
457,tv,Philips,飞利浦,saa3010_rc5,irda_saa3010_rc5_remote_tv_334.bin,1
458,tv,Philips,飞利浦,philips,irda_philips_remote_tv_360.bin,1
459,tv,Philips,飞利浦,saa3010_rc5,irda_saa3010_rc5_remote_tv_361.bin,0
460,tv,Philips,飞利浦,saa3010_rc5,irda_saa3010_rc5_remote_tv_400.bin,1
7537,tv,Philips,飞利浦,upd6121g,irda_upd6121g_remote_tv_philips4.bin,1
7538,tv,Philips,飞利浦,upd6121g,irda_upd6121g_remote_tv_philips5.bin,1
7539,tv,Philips,飞利浦,upd6121g,irda_upd6121g_remote_tv_philips6.bin,1
7540,tv,Philips,飞利浦,upd6121g,irda_upd6121g_remote_tv_philips12.bin,1
9872,tv,Philips,飞利浦,philips,irda_philips_remote_tv_philips2.bin,1
10156,tv,Philips,飞利浦,lc7461m_c13,irda_lc7461m_c13_remote_tv_Philips10.bin,1
10157,tv,Philips,飞利浦,lc7461m_c13,irda_lc7461m_c13_remote_tv_Philips13.bin,1
11421,tv,Philips,飞利浦,lc7464m_panasonic,irda_lc7464m_panasonic_remote_tv_philips11.bin,1
11422,tv,Philips,飞利浦,m50119p,irda_m50119p_remote_tv_philips14.bin,1
4295,tv,LeTV,乐视,upd6121g,irda_upd6121g_remote_tv_letv.bin,1
8768,tv,LeTV,乐视,upd6121g,irda_upd6121g_remote_tv_letv2.bin,1
11598,tv,LeTV,乐视,upd6121g_001-r1,irda_upd6121g_001-r1_remote_tv_letv2.bin,1
1630,tv,AIWA,爱华,upd6121g,irda_upd6121g_remote_tv_aiwa.bin,1
10127,tv,AIWA,爱华,lc7461m_c13,irda_lc7461m_c13_remote_tv_aiwa2.bin,1
10128,tv,AIWA,爱华,lc7461m_c13,irda_lc7461m_c13_remote_tv_aiwa3.bin,1
10129,tv,AIWA,爱华,lc7461m_c13,irda_lc7461m_c13_remote_tv_aiwa6.bin,1
1631,tv,AUX,奥克斯,upd6121g,irda_upd6121g_remote_tv_aux.bin,1
1632,tv,BaiLe,佰乐,upd6121g,irda_upd6121g_remote_tv_baile_a7.bin,1
9589,tv,BaiLe,佰乐,m50560-r2,irda_m50560-r2_remote_tv_baile_a1.bin,1
9590,tv,BaiLe,佰乐,m50560-r2,irda_m50560-r2_remote_tv_baile_a2.bin,1
9591,tv,BaiLe,佰乐,m50560-r2,irda_m50560-r2_remote_tv_baile_a3.bin,1
9592,tv,BaiLe,佰乐,m50560-r2,irda_m50560-r2_remote_tv_baile_a4.bin,1
9593,tv,BaiLe,佰乐,m50560-r2,irda_m50560-r2_remote_tv_baile_a5.bin,1
9594,tv,BaiLe,佰乐,m50560-r2,irda_m50560-r2_remote_tv_baile_a7.bin,1
9595,tv,BaiLe,佰乐,m50560-r2,irda_m50560-r2_remote_tv_baile_a8.bin,1
1633,tv,BaiLe,白乐,upd6121g,irda_upd6121g_remote_tv_baile_b8.bin,1
1634,tv,BeiJing,北京,upd6121g,irda_upd6121g_remote_tv_beijing.bin,1
9604,tv,BeiJing,北京,m50560-r2,irda_m50560-r2_remote_tv_beijing5.bin,1
9605,tv,BeiJing,北京,m50560-r2,irda_m50560-r2_remote_tv_beijing6.bin,1
9606,tv,BeiJing,北京,m50560-r2,irda_m50560-r2_remote_tv_beijing7.bin,1
9607,tv,BeiJing,北京,m50560-r2,irda_m50560-r2_remote_tv_beijing8.bin,1
9608,tv,BeiJing,北京,m50560-r2,irda_m50560-r2_remote_tv_beijing9.bin,1
1635,tv,Boigle,博一格数码,upd6121g,irda_upd6121g_remote_tv_boigle.bin,1
1636,tv,Bush,布什,upd6121g,irda_upd6121g_remote_tv_bush2.bin,1
1637,tv,Emeson,艾默生,upd6121g,irda_upd6121g_remote_tv_emerson.bin,1
1638,tv,Emeson,艾默生,upd6121g,irda_upd6121g_remote_tv_emerson2.bin,1
1639,tv,Emeson,艾默生,upd6121g,irda_upd6121g_remote_tv_emerson4.bin,1
1640,tv,Emeson,艾默生,upd6121g,irda_upd6121g_remote_tv_emerson5.bin,1
12010,tv,Emeson,艾默生,upd6121g,irda_upd6121g_remote_xmtv_emerson.bin,1
12011,tv,Emeson,艾默生,sharp_ix0773ce-r2,irda_sharp_ix0773ce-r2_remote_xmtv_emerson3.bin,1
12012,tv,Emeson,艾默生,upd6121g,irda_upd6121g_remote_xmtv_emerson4.bin,1
12013,tv,Emeson,艾默生,upd6121g,irda_upd6121g_remote_xmtv_emerson5.bin,1
1641,tv,Optpma,奥图码,upd6121g,irda_upd6121g_remote_tv_optoma.bin,1
1642,tv,Polaroid,宝丽莱,upd6121g,irda_upd6121g_remote_tv_polaroid2.bin,1
10045,tv,Polaroid,宝丽莱,m50462-r1,irda_m50462-r1_remote_tv_polaroid.bin,1
12803,tv,,夏普,sharp_ix0773ce-r3,irda_sharp_ix0773ce-r3_remote_tv_t_sharp20.bin,1
12827,tv,,夏普,sharp_ix0773ce-r3,irda_sharp_ix0773ce-r3_remote_tv_sharp31.bin,1
12782,tv,,LG,upd6121g,irda_upd6121g_remote_tv_t_lg20.bin,1
4296,tv,ASANO,朝野科技,upd6121g,irda_upd6121g_remote_tv_asano.bin,1
4297,tv,Cai Ling,彩凌,upd6121g,irda_upd6121g_remote_tv_cailing2.bin,1
10133,tv,Cai Ling,彩凌,lc7461m_c13,irda_lc7461m_c13_remote_tv_cailing.bin,1
10134,tv,Cai Ling,彩凌,lc7461m_c13,irda_lc7461m_c13_remote_tv_cailing3.bin,1
4298,tv,Cai Xun,彩讯,upd6121g,irda_upd6121g_remote_tv_caixun.bin,1
4299,tv,Canca,创佳,upd6121g,irda_upd6121g_remote_tv_canca.bin,1
4300,tv,Canca,创佳,upd6121g,irda_upd6121g_remote_tv_canca5.bin,1
4301,tv,Canca,创佳,upd6121g,irda_upd6121g_remote_tv_canca6.bin,1
10132,tv,Canca,创佳,lc7461m_c13,irda_lc7461m_c13_remote_tv_canca3.bin,1
4302,tv,YOFC,长飞,upd6121g,irda_upd6121g_remote_tv_changfei7.bin,1
9623,tv,YOFC,长飞,m50560-r2,irda_m50560-r2_remote_tv_changfei5.bin,1
9624,tv,YOFC,长飞,m50560-r2,irda_m50560-r2_remote_tv_changfei7.bin,1
4303,tv,Chang Feng,长风,upd6121g,irda_upd6121g_remote_tv_changfeng4.bin,1
4304,tv,Chang Feng,长风,upd6121g,irda_upd6121g_remote_tv_changfeng7.bin,1
10098,tv,Chang Feng,长风,m50462-r2,irda_m50462-r2_remote_tv_changfeng2.bin,1
10136,tv,Chang Feng,长风,lc7461m_c13,irda_lc7461m_c13_remote_tv_changfeng6.bin,1
4322,tv,Bao Li Chuang,宝立创,upd6121g,irda_upd6121g_remote_tv_polytron2.bin,1
4323,tv,Bao Li Chuang,宝立创,upd6121g,irda_upd6121g_remote_tv_polytron6.bin,1
9602,tv,Bao Li Chuang,宝立创,m50560-r2,irda_m50560-r2_remote_tv_polytron7.bin,1
9603,tv,Bao Li Chuang,宝立创,m50560-r2,irda_m50560-r2_remote_tv_polytron8.bin,1
10130,tv,Bao Li Chuang,宝立创,lc7461m_c13,irda_lc7461m_c13_remote_tv_polytron4.bin,1
7521,tv,Ding Ke,鼎科,upd6121g,irda_upd6121g_remote_tv_dingke.bin,1
7522,tv,Delilong,德丽珑,upd6121g,irda_upd6121g_remote_tv_dll.bin,1
7523,tv,DL,东林,upd6121g,irda_upd6121g_remote_tv_donglin2.bin,1
7524,tv,DL,东林,upd6121g,irda_upd6121g_remote_tv_donglin3.bin,1
7525,tv,DL,东林,upd6121g,irda_upd6121g_remote_tv_donglin4.bin,1
7526,tv,DL,东林,upd6121g,irda_upd6121g_remote_tv_donglin5.bin,1
7527,tv,DL,东林,upd6121g,irda_upd6121g_remote_tv_donglin6.bin,1
7528,tv,DL,东林,upd6121g,irda_upd6121g_remote_tv_donglin7.bin,1
7529,tv,DL,东林,upd6121g,irda_upd6121g_remote_tv_donglin8.bin,1
10150,tv,DL,东林,lc7461m_c13,irda_lc7461m_c13_remote_tv_donglin9.bin,1
7530,tv,Danix,丹尼克斯,upd6121g,irda_upd6121g_remote_tv_dynex.bin,1
7531,tv,Danix,丹尼克斯,upd6121g,irda_upd6121g_remote_tv_dynex2.bin,1
7532,tv,Fei Lang,飞浪,upd6121g,irda_upd6121g_remote_tv_feilang2.bin,1
7533,tv,FOXCONN,富士康,upd6121g,irda_upd6121g_remote_tv_foxconn.bin,1
7534,tv,FORY,福日,upd6121g,irda_upd6121g_remote_tv_furi.bin,1
7535,tv,FORY,福日,upd6121g,irda_upd6121g_remote_tv_furi4.bin,1
7536,tv,Fei Ge,飞歌,upd6121g,irda_upd6121g_remote_tv_philco.bin,1
7541,tv,SAMOS,东门子,upd6121g,irda_upd6121g_remote_tv_samos.bin,1
7542,tv,De Jia La,德加拉,upd6121g,irda_upd6121g_remote_tv_thakral.bin,1
8723,tv,Digitec,德基德克,upd6121g,irda_upd6121g_remote_tv_digitec.bin,1
10099,tv,Digitec,德基德克,m50462-r2,irda_m50462-r2_remote_tv_digitec3.bin,1
10138,tv,Digitec,德基德克,lc7461m_c13,irda_lc7461m_c13_remote_tv_digitec4.bin,1
8724,tv,GE,GE,upd6121g,irda_upd6121g_remote_tv_ge.bin,1
11465,tv,GE,GE,saa3010_rc5-11-r1,irda_saa3010_rc5-11-r1_remote_tv_ge4.bin,1
8725,tv,Coby,高飞,upd6121g,irda_upd6121g_remote_tv_coby.bin,1
8728,tv,Hanns.G,瀚视奇,upd6121g,irda_upd6121g_remote_tv_hannsg.bin,1
8729,tv,Hanns.G,瀚视奇,upd6121g,irda_upd6121g_remote_tv_hannsg1.bin,1
8727,tv,Horion,皓丽,upd6121g,irda_upd6121g_remote_tv_horion.bin,1
8730,tv,Hiplus,画佳,upd6121g,irda_upd6121g_remote_tv_hiplus.bin,1
8731,tv,Hiplus,画佳,upd6121g,irda_upd6121g_remote_tv_hiplus1.bin,1
8732,tv,Hiplus,画佳,upd6121g,irda_upd6121g_remote_tv_hiplus2.bin,1
11473,tv,Hiplus,画佳,upd6121g,irda_upd6121g_remote_tv_hiplus4.bin,1
11474,tv,Hiplus,画佳,upd6121g,irda_upd6121g_remote_tv_hiplus5.bin,1
8733,tv,huafa,华发,upd6121g,irda_upd6121g_remote_tv_huafa.bin,1
8734,tv,Herosonic,禾聊硕,upd6121g,irda_upd6121g_remote_tv_herosonic.bin,1
8735,tv,HKC,惠科,upd6121g,irda_upd6121g_remote_tv_hkc.bin,1
8736,tv,ASUS,华硕,upd6121g,irda_upd6121g_remote_tv_asus.bin,1
11476,tv,ASUS,华硕,saa3010_rc5-11-r1,irda_saa3010_rc5-11-r1_remote_tv_asus2.bin,1
8737,tv,Hannspree,瀚斯宝丽,upd6121g,irda_upd6121g_remote_tv_hannspree.bin,1
8738,tv,Hannspree,瀚斯宝丽,upd6121g,irda_upd6121g_remote_tv_hannspree1.bin,1
8739,tv,Heran,禾联,upd6121g,irda_upd6121g_remote_tv_heran.bin,1
8740,tv,Heran,禾联,upd6121g,irda_upd6121g_remote_tv_heran1.bin,1
8741,tv,Heran,禾联,upd6121g,irda_upd6121g_remote_tv_heran2.bin,1
11477,tv,Heran,禾联,upd6121g,irda_upd6121g_remote_tv_heran4.bin,1
11478,tv,Heran,禾联,upd6121g,irda_upd6121g_remote_tv_heran5.bin,1
11479,tv,Heran,禾联,upd6121g,irda_upd6121g_remote_tv_heran6.bin,1
11480,tv,Heran,禾联,upd6121g,irda_upd6121g_remote_tv_heran7.bin,1
8742,tv,HAIHONG,海虹,upd6121g,irda_upd6121g_remote_tv_haihong7.bin,1
10183,tv,HAIHONG,海虹,lc7461m_c13,irda_lc7461m_c13_remote_tv_haihong2.bin,1
8743,tv,Acer,宏碁,upd6121g,irda_upd6121g_remote_tv_acer.bin,1
8744,tv,Acer,宏碁,upd6121g,irda_upd6121g_remote_tv_acer1.bin,1
8745,tv,NINTAUS,金正,upd6121g,irda_upd6121g_remote_tv_nintaus.bin,1
8746,tv,NINTAUS,金正,upd6121g,irda_upd6121g_remote_tv_nintaus2.bin,1
8751,tv,NINTAUS,金正,upd6121g,irda_upd6121g_remote_tv_nintaus1.bin,1
8747,tv,KaWa,嘉华,upd6121g,irda_upd6121g_remote_tv_kawa.bin,1
8748,tv,KaWa,嘉华,upd6121g,irda_upd6121g_remote_tv_kawa4.bin,1
10184,tv,KaWa,嘉华,lc7461m_c13,irda_lc7461m_c13_remote_tv_kawa4.bin,1
10185,tv,KaWa,嘉华,lc7461m_c13,irda_lc7461m_c13_remote_tv_kawa10.bin,1
10186,tv,KaWa,嘉华,lc7461m_c13,irda_lc7461m_c13_remote_tv_kawa11.bin,1
8749,tv,Jinxing,金星,upd6121g,irda_upd6121g_remote_tv_jinxing1.bin,1
8750,tv,Jinxing,金星,upd6121g,irda_upd6121g_remote_tv_jinxing7.bin,1
10187,tv,Jinxing,金星,lc7461m_c13,irda_lc7461m_c13_remote_tv_jinxing9.bin,1
8772,tv,Siskin,金雀,upd6121g,irda_upd6121g_remote_tv_siskin.bin,1
8752,tv,Elite,精英,upd6121g,irda_upd6121g_remote_tv_elite.bin,1
8753,tv,JIALICAI,佳丽彩,upd6121g,irda_upd6121g_remote_tv_jialicai.bin,1
10110,tv,JIALICAI,佳丽彩,m50462-r2,irda_m50462-r2_remote_tv_jialicai10.bin,1
10190,tv,JIALICAI,佳丽彩,lc7461m_c13,irda_lc7461m_c13_remote_tv_jialicai7.bin,1
11481,tv,JIALICAI,佳丽彩,m50560-r2,irda_m50560-r2_remote_tv_jialicai2.bin,1
11483,tv,JIALICAI,佳丽彩,m50560-r2,irda_m50560-r2_remote_tv_jialicai5.bin,1
11484,tv,JIALICAI,佳丽彩,tc9012-1,irda_tc9012-1_remote_tv_jialicai3.bin,1
11486,tv,JIALICAI,佳丽彩,m3004_6c_lab1-0-r2,irda_m3004_6c_lab1-0-r2_remote_tv_jialicai9.bin,1
11487,tv,JIALICAI,佳丽彩,m50560-r2,irda_m50560-r2_remote_tv_jialicai10.bin,1
11504,tv,JIALICAI,佳丽彩,m50560-r2,irda_m50560-r2_remote_tv_jialicai4.bin,1
11505,tv,JIALICAI,佳丽彩,tc9012-1,irda_tc9012-1_remote_tv_jialicai6.bin,1
8754,tv,BOE,京东方,upd6121g,irda_upd6121g_remote_tv_boe.bin,1
8755,tv,BOE,京东方,upd6121g,irda_upd6121g_remote_tv_boe1.bin,1
8758,tv,KTC,康冠,upd6121g,irda_upd6121g_remote_tv_ktc.bin,1
8759,tv,Comverse,康维,upd6121g,irda_upd6121g_remote_tv_comverse4.bin,1
10193,tv,Comverse,康维,lc7461m_c13,irda_lc7461m_c13_remote_tv_comverse.bin,1
10194,tv,Comverse,康维,lc7461m_c13,irda_lc7461m_c13_remote_tv_comverse3.bin,1
10195,tv,Comverse,康维,lc7461m_c13,irda_lc7461m_c13_remote_tv_comverse4.bin,1
8762,tv,Risun,理想,upd6121g,irda_upd6121g_remote_tv_risun.bin,1
8763,tv,Rowa,乐华,upd6121g,irda_upd6121g_remote_tv_rowa1.bin,1
8764,tv,Rowa,乐华,upd6121g,irda_upd6121g_remote_tv_rowa3.bin,1
8765,tv,Rowa,乐华,upd6121g,irda_upd6121g_remote_tv_rowa4.bin,1
11490,tv,Rowa,乐华,rca_56k,irda_rca_56k_remote_tv_rowa.bin,1
11491,tv,Rowa,乐华,rca_56k,irda_rca_56k_remote_tv_rowa3.bin,1
11492,tv,Rowa,乐华,m3004_6c_lab1-r2,irda_m3004_6c_lab1-r2_remote_tv_rowa6.bin,1
11493,tv,Rowa,乐华,upd6121g,irda_upd6121g_remote_tv_rowa7.bin,1
11494,tv,Rowa,乐华,saa3010_rc5-11-r1,irda_saa3010_rc5-11-r1_remote_tv_rowa8.bin,1
11495,tv,Rowa,乐华,upd6121g,irda_upd6121g_remote_tv_rowa9.bin,1
11496,tv,Rowa,乐华,upd6121g,irda_upd6121g_remote_tv_rowa10.bin,1
8766,tv,Lenovo,联想,upd6121g,irda_upd6121g_remote_tv_lenovo.bin,1
8767,tv,Lenovo,联想,upd6121g,irda_upd6121g_remote_tv_lenovo1.bin,1
8769,tv,BenQ,明基,upd6121g,irda_upd6121g_remote_tv_benq.bin,1
8771,tv,BenQ,明基,upd6121g,irda_upd6121g_remote_tv_benq2.bin,1
10113,tv,BenQ,明基,m50462-r2,irda_m50462-r2_remote_tv_benq8.bin,1
10197,tv,BenQ,明基,victor_c8d8-r2,irda_victor_c8d8-r2_remote_tv_benq4.bin,1
11199,tv,BenQ,明基,upd6121g,irda_upd6121g_remote_tv_benq1.bin,1
11212,tv,BenQ,明基,upd6121g,irda_upd6121g_remote_tv_t_benq1.bin,1
11592,tv,BenQ,明基,tc9012f,irda_tc9012f_remote_tv_benq5.bin,1
11593,tv,BenQ,明基,upd6121g,irda_upd6121g_remote_tv_benq6.bin,1
11594,tv,BenQ,明基,upd6121g,irda_upd6121g_remote_tv_benq7.bin,1
8773,tv,Nikon,尼康,upd6121g,irda_upd6121g_remote_tv_nikon5.bin,1
10200,tv,Nikon,尼康,lc7461m_c13,irda_lc7461m_c13_remote_tv_nikon.bin,1
10201,tv,Nikon,尼康,lc7461m_c13,irda_lc7461m_c13_remote_tv_nikon2.bin,1
10202,tv,Nikon,尼康,lc7461m_c13,irda_lc7461m_c13_remote_tv_nikon3.bin,1
8774,tv,OLEVIA,奥丽维娅,upd6121g,irda_upd6121g_remote_tv_olevia1.bin,1
8775,tv,OLEVIA,奥丽维娅,upd6121g,irda_upd6121g_remote_tv_olevia2.bin,1
8791,tv,OLEVIA,奥丽维娅,upd6121g,irda_upd6121g_remote_tv_olevia3.bin,1
11586,tv,OLEVIA,奥丽维娅,sharp_ix0773ce-r2,irda_sharp_ix0773ce-r2_remote_tv_olevia5.bin,1
11588,tv,OLEVIA,奥丽维娅,upd6121g,irda_upd6121g_remote_tv_olevia6.bin,1
12014,tv,OLEVIA,奥丽维娅,upd6121g,irda_upd6121g_remote_xmtv_olevia2.bin,1
12015,tv,OLEVIA,奥丽维娅,upd6121g,irda_upd6121g_remote_xmtv_olevia3.bin,1
12016,tv,OLEVIA,奥丽维娅,upd6121g,irda_upd6121g_remote_xmtv_olevia4.bin,1
12017,tv,OLEVIA,奥丽维娅,upd6121g,irda_upd6121g_remote_xmtv_olevia7.bin,1
8776,tv,Proton,普腾,upd6121g,irda_upd6121g_remote_tv_proton.bin,1
8777,tv,CHIMEI,奇美,upd6121g,irda_upd6121g_remote_tv_chimei.bin,1
8779,tv,CHIMEI,奇美,upd6121g,irda_upd6121g_remote_tv_chimei5.bin,1
8780,tv,CHIMEI,奇美,upd6121g,irda_upd6121g_remote_tv_chimei6.bin,1
11198,tv,CHIMEI,奇美,upd6121g,irda_upd6121g_remote_tv_chimei1.bin,1
11213,tv,CHIMEI,奇美,upd6121g,irda_upd6121g_remote_tv_t_chimei1.bin,1
11214,tv,CHIMEI,奇美,tc9012-1,irda_tc9012-1_remote_tv_t_chimei2.bin,1
11215,tv,CHIMEI,奇美,upd6124-r3,irda_upd6124-r3_remote_tv_t_chimei3.bin,1
11321,tv,CHIMEI,奇美,upd6121g,irda_upd6121g_remote_tv_t_chimei4.bin,1
11344,tv,CHIMEI,奇美,tc9012f,irda_tc9012f_remote_tv_t_chimei5.bin,1
11583,tv,CHIMEI,奇美,m3004_6c_lab1-1-r1,irda_m3004_6c_lab1-1-r1_remote_tv_chimei3.bin,1
11584,tv,CHIMEI,奇美,saa3010_rc5-11-r1,irda_saa3010_rc5-11-r1_remote_tv_chimei4.bin,1
11585,tv,CHIMEI,奇美,upd6124-r1,irda_upd6124-r1_remote_tv_chimei5.bin,1
8784,tv,RadioShack,睿侠,upd6121g,irda_upd6121g_remote_tv_radioShack.bin,1
8785,tv,RUYI,如意,upd6121g,irda_upd6121g_remote_tv_ruyi.bin,1
10114,tv,RUYI,如意,m50462-r2,irda_m50462-r2_remote_tv_ruyi2.bin,1
8790,tv,Evergreen,松柏,upd6121g,irda_upd6121g_remote_tv_evergreen2.bin,1
9465,tv,Evergreen,松柏,m50560-r2,irda_m50560-r2_remote_tv_evergreen.bin,1
11587,tv,Evergreen,松柏,upd6124-r2,irda_upd6124-r2_remote_tv_evergreen2.bin,1
8816,tv,Galuha,高路华,upd6121g,irda_upd6121g_remote_tv_galuha7.bin,1
10103,tv,Galuha,高路华,m50462-r2,irda_m50462-r2_remote_tv_galuha5.bin,1
10162,tv,Galuha,高路华,lc7461m_c13,irda_lc7461m_c13_remote_tv_galuha.bin,1
10164,tv,Galuha,高路华,lc7461m_c13,irda_lc7461m_c13_remote_tv_galuha6.bin,1
11467,tv,Galuha,高路华,m3004_6c_lab1-1-r1,irda_m3004_6c_lab1-1-r1_remote_tv_galuha9.bin,1
8805,tv,Goldstar,高士达,upd6121g,irda_upd6121g_remote_tv_goldstar2.bin,1
8806,tv,Goldstar,高士达,upd6121g,irda_upd6121g_remote_tv_goldstar4.bin,1
8807,tv,Goldstar,高士达,upd6121g,irda_upd6121g_remote_tv_goldstar5.bin,1
10102,tv,Goldstar,高士达,m50462-r2,irda_m50462-r2_remote_tv_goldstar4.bin,1
10161,tv,Goldstar,高士达,lc7461m_c13,irda_lc7461m_c13_remote_tv_goldstar.bin,1
11466,tv,Goldstar,高士达,m3004_6c_lab1-1-r1,irda_m3004_6c_lab1-1-r1_remote_tv_goldstar7.bin,1
8802,tv,Audiovox,欧迪福斯,upd6121g,irda_upd6121g_remote_tv_audiovox.bin,1
8803,tv,Audiovox,欧迪福斯,upd6121g,irda_upd6121g_remote_tv_audiovox1.bin,1
8804,tv,Audiovox,欧迪福斯,upd6121g,irda_upd6121g_remote_tv_audiovox2.bin,1
8815,tv,Ouling,欧凌,upd6121g,irda_upd6121g_remote_tv_ouling3.bin,1
10207,tv,Ouling,欧凌,lc7461m_c13,irda_lc7461m_c13_remote_tv_ouling.bin,1
10208,tv,Ouling,欧凌,lc7461m_c13,irda_lc7461m_c13_remote_tv_ouling2.bin,1
11589,tv,Ouling,欧凌,m50560-r2,irda_m50560-r2_remote_tv_ouling3.bin,1
11590,tv,Ouling,欧凌,tc9012-0,irda_tc9012-0_remote_tv_ouling5.bin,1
8792,tv,THTF,清华同方,upd6121g,irda_upd6121g_remote_tv_thtf.bin,1
8793,tv,THTF,清华同方,upd6121g,irda_upd6121g_remote_tv_thtf1.bin,1
8812,tv,THTF,清华同方,upd6121g,irda_upd6121g_remote_tv_thtf2.bin,1
11577,tv,THTF,清华同方,upd6121g,irda_upd6121g_remote_tv_thtf4.bin,1
11578,tv,THTF,清华同方,upd6121g,irda_upd6121g_remote_tv_thtf5.bin,1
11579,tv,THTF,清华同方,upd6121g,irda_upd6121g_remote_tv_thtf6.bin,1
11580,tv,THTF,清华同方,upd6121g,irda_upd6121g_remote_tv_thtf7.bin,1
8814,tv,NEC,日电,upd6121g,irda_upd6121g_remote_tv_nec2.bin,1
10213,tv,NEC,日电,victor_c8d8-r2,irda_victor_c8d8-r2_remote_tv_nec2.bin,1
11567,tv,NEC,日电,m50560-r2,irda_m50560-r2_remote_tv_nec.bin,1
11569,tv,NEC,日电,tc9012-1,irda_tc9012-1_remote_tv_nec5.bin,1
11570,tv,NEC,日电,saa3010_rc5-11-r1,irda_saa3010_rc5-11-r1_remote_tv_nec6.bin,1
11615,tv,NEC,日电,tc9012-1,irda_tc9012-1_remote_tv_nec4.bin,1
8799,tv,Vizio,瑞轩,upd6121g,irda_upd6121g_remote_tv_vizio.bin,1
8800,tv,Vizio,瑞轩,upd6121g,irda_upd6121g_remote_tv_vizio1.bin,1
8801,tv,Vizio,瑞轩,upd6121g,irda_upd6121g_remote_tv_vizio2.bin,1
11237,tv,Vizio,瑞轩,upd6121g,irda_upd6121g_remote_tv_t_vizio1.bin,1
11562,tv,Vizio,瑞轩,upd6121g,irda_upd6121g_remote_tv_vizio5.bin,1
11563,tv,Vizio,瑞轩,upd6121g,irda_upd6121g_remote_tv_vizio4.bin,1
11566,tv,Vizio,瑞轩,upd6121g,irda_upd6121g_remote_tv_vizio6.bin,1
8794,tv,Sanyo,三洋,upd6121g,irda_upd6121g_remote_tv_sanyo.bin,1
8809,tv,Sanyo,三洋,upd6121g,irda_upd6121g_remote_tv_sanyo1.bin,1
8810,tv,Sanyo,三洋,upd6121g,irda_upd6121g_remote_tv_sanyo2.bin,1
10115,tv,Sanyo,三洋,m50462-r2,irda_m50462-r2_remote_tv_sanyo7.bin,1
10220,tv,Sanyo,三洋,lc7461m_c13,irda_lc7461m_c13_remote_tv_sanyo6.bin,1
10221,tv,Sanyo,三洋,lc7461m_c13,irda_lc7461m_c13_remote_tv_sanyo8.bin,1
11600,tv,Sanyo,三洋,upd6121g,irda_upd6121g_remote_tv_sanyo4.bin,1
11601,tv,Sanyo,三洋,upd6121g,irda_upd6121g_remote_tv_sanyo5.bin,1
11602,tv,Sanyo,三洋,upd6121g,irda_upd6121g_remote_tv_sanyo9.bin,1
11603,tv,Sanyo,三洋,tc9012-1,irda_tc9012-1_remote_tv_sanyo10.bin,1
11604,tv,Sanyo,三洋,upd6121g,irda_upd6121g_remote_tv_sanyo11.bin,1
11606,tv,Sanyo,三洋,upd6121g,irda_upd6121g_remote_tv_sanyo12.bin,1
11607,tv,Sanyo,三洋,upd6121g,irda_upd6121g_remote_tv_sanyo13.bin,1
11608,tv,Sanyo,三洋,saa3010_rc5-11-r1,irda_saa3010_rc5-11-r1_remote_tv_sanyo14.bin,1
11609,tv,Sanyo,三洋,upd6121g,irda_upd6121g_remote_tv_sanyo15.bin,1
11610,tv,Sanyo,三洋,saa3010_rc5-11-r1,irda_saa3010_rc5-11-r1_remote_tv_sanyo16.bin,1
11611,tv,Sanyo,三洋,tc9012-1,irda_tc9012-1_remote_tv_sanyo17.bin,1
13242,tv,Sanyo,三洋,upd6121g,,0
8797,tv,JVC,胜利,upd6121g,irda_upd6121g_remote_tv_jvc1.bin,1
8798,tv,JVC,胜利,upd6121g,irda_upd6121g_remote_tv_jvc4.bin,1
8813,tv,JVC,胜利,upd6121g,irda_upd6121g_remote_tv_jvc10.bin,1
10126,tv,JVC,胜利,m50462-r1,irda_m50462-r1_remote_tv_jvc4.bin,1
10212,tv,JVC,胜利,victor_c8d8,irda_victor_c8d8_remote_tv_jvc.bin,1
10225,tv,JVC,胜利,lc7461m_c13,irda_lc7461m_c13_remote_tv_jvc6.bin,1
11549,tv,JVC,胜利,victor_c8d8,irda_victor_c8d8_remote_tv_jvc3.bin,1
11550,tv,JVC,胜利,mn6014w_c5d6-r2,irda_mn6014w_c5d6-r2_remote_tv_jvc6.bin,1
11551,tv,JVC,胜利,mn6014w_c5d6-r2,irda_mn6014w_c5d6-r2_remote_tv_jvc7.bin,1
11552,tv,JVC,胜利,tc9012-1,irda_tc9012-1_remote_tv_jvc8.bin,1
11553,tv,JVC,胜利,upd6121g,irda_upd6121g_remote_tv_jvc12.bin,1
8847,tv,Shencai,神彩,upd6121g,irda_upd6121g_remote_tv_shencai3.bin,1
8848,tv,Shencai,神彩,upd6121g,irda_upd6121g_remote_tv_shencai6.bin,1
9442,tv,Shencai,神彩,m50560-r2,irda_m50560-r2_remote_tv_shencai.bin,1
9443,tv,Shencai,神彩,m50560-r2,irda_m50560-r2_remote_tv_shencai2.bin,1
9445,tv,Shencai,神彩,m50560-r2,irda_m50560-r2_remote_tv_shencai7.bin,1
10226,tv,Shencai,神彩,lc7461m_c13,irda_lc7461m_c13_remote_tv_shencai5.bin,1
11547,tv,Shencai,神彩,tc9012-1,irda_tc9012-1_remote_tv_shencai2.bin,1
11548,tv,Shencai,神彩,tc9012-1,irda_tc9012-1_remote_tv_shencai6.bin,1
8818,tv,SHAOFENG,韶峰,upd6121g,irda_upd6121g_remote_tv_shaofeng.bin,1
8819,tv,SHAOFENG,韶峰,upd6121g,irda_upd6121g_remote_tv_shaofeng1.bin,1
8820,tv,SHAOFENG,韶峰,upd6121g,irda_upd6121g_remote_tv_shaofeng2.bin,1
10117,tv,SHAOFENG,韶峰,m50462-r2,irda_m50462-r2_remote_tv_shaofeng4.bin,1
11546,tv,SHAOFENG,韶峰,upd6121g,irda_upd6121g_remote_tv_shaofeng5.bin,1
8849,tv,Sansui,山水,upd6121g,irda_upd6121g_remote_tv_sansui.bin,1
8850,tv,Sansui,山水,upd6121g,irda_upd6121g_remote_tv_sansui1.bin,1
8870,tv,Sansui,山水,upd6121g,irda_upd6121g_remote_tv_sansui2.bin,1
11543,tv,Sansui,山水,m50560-r2,irda_m50560-r2_remote_tv_sansui4.bin,1
11544,tv,Sansui,山水,upd6121g,irda_upd6121g_remote_tv_sansui5.bin,1
11545,tv,Sansui,山水,upd6121g,irda_upd6121g_remote_tv_sansui6.bin,1
8821,tv,Camellia,山茶,upd6121g,irda_upd6121g_remote_tv_camellia5.bin,1
9440,tv,Camellia,山茶,m50560-r2,irda_m50560-r2_remote_tv_camellia3.bin,1
10118,tv,Camellia,山茶,m50462-r2,irda_m50462-r2_remote_tv_camellia2.bin,1
9426,tv,Mitsubishi,三菱,m50560-r2,irda_m50560-r2_remote_tv_mitsubishi2.bin,1
8823,tv,SANYUAN,三元,upd6121g,irda_upd6121g_remote_tv_sanyuan1.bin,1
8824,tv,SANYUAN,三元,upd6121g,irda_upd6121g_remote_tv_sanyuan5.bin,1
9436,tv,SANYUAN,三元,m50560-r2,irda_m50560-r2_remote_tv_sanyuan2.bin,1
10119,tv,SANYUAN,三元,m50462-r2,irda_m50462-r2_remote_tv_sanyuan5.bin,1
10227,tv,SANYUAN,三元,lc7461m_c13,irda_lc7461m_c13_remote_tv_sanyuan.bin,1
10228,tv,SANYUAN,三元,lc7461m_c13,irda_lc7461m_c13_remote_tv_sanyuan4.bin,1
8826,tv,Matsui,松井,upd6121g,irda_upd6121g_remote_tv_matsui.bin,1
11542,tv,Matsui,松井,saa3010_rc5-11-r1,irda_saa3010_rc5-11-r1_remote_tv_matsui5.bin,1
11559,tv,Matsui,松井,m3004_6c_lab1-1-r1,irda_m3004_6c_lab1-1-r1_remote_tv_matsui4.bin,1
8827,tv,SVA,上广电,upd6121g,irda_upd6121g_remote_tv_sva.bin,1
8829,tv,SONIQ,声光,upd6121g,irda_upd6121g_remote_tv_soniq.bin,1
8834,tv,SONIQ,声光,upd6121g,irda_upd6121g_remote_tv_soniq2.bin,1
8868,tv,SONIQ,声光,upd6121g,irda_upd6121g_remote_tv_soniq1.bin,1
8836,tv,Tiankeban,天科板,upd6121g,irda_upd6121g_remote_tv_tiankeban3.bin,1
9389,tv,Tiankeban,天科板,tc9012-1,irda_tc9012-1_remote_tv_tiankeban.bin,1
9390,tv,Tiankeban,天科板,tc9012-1,irda_tc9012-1_remote_tv_tiankeban4.bin,1
9391,tv,Tiankeban,天科板,tc9012-1,irda_tc9012-1_remote_tv_tiankeban5.bin,1
9437,tv,Tiankeban,天科板,m50560-r2,irda_m50560-r2_remote_tv_tiankeban6.bin,1
10231,tv,Tiankeban,天科板,lc7461m_c13,irda_lc7461m_c13_remote_tv_tiankeban2.bin,1
11521,tv,Tiankeban,天科板,mn6014a_w_c6d6,irda_mn6014a_w_c6d6_remote_tv_tiankeban3.bin,1
8831,tv,Tiangengban,天庚板,upd6121g,irda_upd6121g_remote_tv_tiangengban4.bin,1
9392,tv,Tiangengban,天庚板,tc9012-1,irda_tc9012-1_remote_tv_tiangengban1.bin,1
9393,tv,Tiangengban,天庚板,tc9012-1,irda_tc9012-1_remote_tv_tiangengban3.bin,1
9424,tv,Tiangengban,天庚板,m50560-r2,irda_m50560-r2_remote_tv_tiangengban5.bin,1
10120,tv,Tiangengban,天庚板,m50462-r2,irda_m50462-r2_remote_tv_tiangengban.bin,1
10232,tv,Tiangengban,天庚板,lc7461m_c13,irda_lc7461m_c13_remote_tv_tiangengban3.bin,1
8837,tv,TCRC,TCRC,upd6121g,irda_upd6121g_remote_tv_tcrc.bin,1
8838,tv,Leader,统帅,upd6121g,irda_upd6121g_remote_tv_leader.bin,1
8840,tv,Leader,统帅,upd6121g,irda_upd6121g_remote_tv_leader1.bin,1
8860,tv,Proview,唯冠,upd6121g,irda_upd6121g_remote_tv_proview.bin,1
8841,tv,Malata,万利达,upd6121g,irda_upd6121g_remote_tv_malata.bin,1
11514,tv,Malata,万利达,upd6121g_001-r1,irda_upd6121g_001-r1_remote_tv_malata2.bin,1
8846,tv,Amoi,夏新,upd6121g,irda_upd6121g_remote_tv_amoi.bin,1
10236,tv,Amoi,夏新,lc7461m_c13,irda_lc7461m_c13_remote_tv_amoi7.bin,1
10237,tv,Amoi,夏新,lc7461m_c13,irda_lc7461m_c13_remote_tv_amoi8.bin,1
11402,tv,Amoi,夏新,upd6121g,irda_upd6121g_remote_tv_amoi3.bin,1
11403,tv,Amoi,夏新,saa3010_rc5-xx-r1,irda_saa3010_rc5-xx-r1_remote_tv_amoi4.bin,1
11404,tv,Amoi,夏新,upd6121g,irda_upd6121g_remote_tv_amoi5.bin,1
11406,tv,Amoi,夏新,upd6121g,irda_upd6121g_remote_tv_amoi6.bin,1
11503,tv,Amoi,夏新,upd6121g,irda_upd6121g_remote_tv_amoi2.bin,1
8839,tv,Xihu,西湖,upd6121g,irda_upd6121g_remote_tv_xihu6.bin,1
9408,tv,Xihu,西湖,tc9012-1,irda_tc9012-1_remote_tv_xihu.bin,1
9428,tv,Xihu,西湖,m50560-r2,irda_m50560-r2_remote_tv_xihu4.bin,1
9430,tv,Xihu,西湖,m50560-r2,irda_m50560-r2_remote_tv_xihu5.bin,1
10122,tv,Xihu,西湖,m50462-r2,irda_m50462-r2_remote_tv_xihu4.bin,1
10235,tv,Xihu,西湖,lc7461m_c13,irda_lc7461m_c13_remote_tv_xihu3.bin,1
11411,tv,Xihu,西湖,mn6014a_w_c6d6,irda_mn6014a_w_c6d6_remote_tv_xihu8.bin,1
8851,tv,Hyundai,现代,upd6121g,irda_upd6121g_remote_tv_hyundai.bin,1
8858,tv,Sylvania,西凡尼亚,upd6121g,irda_upd6121g_remote_tv_sylvania1.bin,1
11410,tv,Sylvania,西凡尼亚,mn6014a_w_c6d6,irda_mn6014a_w_c6d6_remote_tv_sylvania.bin,1
8852,tv,Siemens,西门子,upd6121g,irda_upd6121g_remote_tv_siemens.bin,1
8828,tv,SAST,先科,upd6121g,irda_upd6121g_remote_tv_sast.bin,1
8830,tv,SAST,先科,upd6121g,irda_upd6121g_remote_tv_sast1.bin,1
8853,tv,Xinmeng,鑫萌,upd6121g,irda_upd6121g_remote_tv_xinmeng3.bin,1
9423,tv,Xinmeng,鑫萌,tc9012-1,irda_tc9012-1_remote_tv_xinmeng4.bin,1
9431,tv,Xinmeng,鑫萌,m50560-r2,irda_m50560-r2_remote_tv_xinmeng5.bin,1
9433,tv,Xinmeng,鑫萌,m50560-r2,irda_m50560-r2_remote_tv_xinmeng6.bin,1
9435,tv,Xinmeng,鑫萌,m50560-r2,irda_m50560-r2_remote_tv_xinmeng7.bin,1
10239,tv,Xinmeng,鑫萌,lc7461m_c13,irda_lc7461m_c13_remote_tv_xinmeng.bin,1
10240,tv,Xinmeng,鑫萌,lc7461m_c13,irda_lc7461m_c13_remote_tv_xinmeng2.bin,1
10241,tv,Xinmeng,鑫萌,lc7461m_c13,irda_lc7461m_c13_remote_tv_xinmeng3.bin,1
8845,tv,Xinghai,星海,upd6121g,irda_upd6121g_remote_tv_xinghai4.bin,1
9414,tv,Xinghai,星海,tc9012-1,irda_tc9012-1_remote_tv_xinghai.bin,1
9417,tv,Xinghai,星海,tc9012-1,irda_tc9012-1_remote_tv_xinghai2.bin,1
9427,tv,Xinghai,星海,m50560-r2,irda_m50560-r2_remote_tv_xinghai1.bin,1
10211,tv,Xinghai,星海,victor_c8d8-r2,irda_victor_c8d8-r2_remote_tv_xinghai4.bin,1
8854,tv,Panda,熊猫,upd6121g,irda_upd6121g_remote_tv_panda.bin,1
8855,tv,Panda,熊猫,upd6121g,irda_upd6121g_remote_tv_panda1.bin,1
8856,tv,Panda,熊猫,upd6121g,irda_upd6121g_remote_tv_panda3.bin,1
9409,tv,Panda,熊猫,m50560-r2,irda_m50560-r2_remote_tv_panda10.bin,1
9410,tv,Panda,熊猫,m50560-r2,irda_m50560-r2_remote_tv_panda17.bin,1
9412,tv,Panda,熊猫,m50560-r2,irda_m50560-r2_remote_tv_panda18.bin,1
9413,tv,Panda,熊猫,m50560-r2,irda_m50560-r2_remote_tv_panda19.bin,1
9415,tv,Panda,熊猫,m50560-r2,irda_m50560-r2_remote_tv_panda21.bin,1
9416,tv,Panda,熊猫,m50560-r2,irda_m50560-r2_remote_tv_panda22.bin,1
9418,tv,Panda,熊猫,m50560-r2,irda_m50560-r2_remote_tv_panda25.bin,1
9419,tv,Panda,熊猫,m50560-r2,irda_m50560-r2_remote_tv_panda29.bin,1
9421,tv,Panda,熊猫,m50560-r2,irda_m50560-r2_remote_tv_panda30.bin,1
9422,tv,Panda,熊猫,m50560-r2,irda_m50560-r2_remote_tv_panda32.bin,1
9439,tv,Panda,熊猫,tc9012,irda_tc9012_remote_tv_panda4.bin,1
9441,tv,Panda,熊猫,tc9012-1,irda_tc9012-1_remote_tv_panda5.bin,1
9444,tv,Panda,熊猫,tc9012-0,irda_tc9012-0_remote_tv_panda12.bin,1
9446,tv,Panda,熊猫,tc9012-1,irda_tc9012-1_remote_tv_panda14.bin,1
9447,tv,Panda,熊猫,tc9012-1,irda_tc9012-1_remote_tv_panda20.bin,1
10082,tv,Panda,熊猫,m50462-r2,irda_m50462-r2_remote_tv_panda28.bin,1
10124,tv,Panda,熊猫,m50462-r2,irda_m50462-r2_remote_tv_panda12.bin,1
10245,tv,Panda,熊猫,lc7461m_c13,irda_lc7461m_c13_remote_tv_panda10.bin,1
10246,tv,Panda,熊猫,lc7461m_c13,irda_lc7461m_c13_remote_tv_panda24.bin,1
11380,tv,Panda,熊猫,upd6121g,irda_upd6121g_remote_tv_panda7.bin,1
11381,tv,Panda,熊猫,saa3010_rc5-11-r1,irda_saa3010_rc5-11-r1_remote_tv_panda8.bin,1
11382,tv,Panda,熊猫,mn6014a_w_c6d6,irda_mn6014a_w_c6d6_remote_tv_panda9.bin,1
11383,tv,Panda,熊猫,upd6121g,irda_upd6121g_remote_tv_panda13.bin,1
11384,tv,Panda,熊猫,mn6014w_c5d6-r2,irda_mn6014w_c5d6-r2_remote_tv_panda16.bin,1
11385,tv,Panda,熊猫,upd6121g,irda_upd6121g_remote_tv_panda17.bin,1
11386,tv,Panda,熊猫,upd6121g,irda_upd6121g_remote_tv_panda25.bin,1
11387,tv,Panda,熊猫,m3004_6c_lab1-0-r2,irda_m3004_6c_lab1-0-r2_remote_tv_panda32.bin,1
11388,tv,Panda,熊猫,lc7461m_c13,irda_lc7461m_c13_remote_tv_panda34.bin,1
11389,tv,Panda,熊猫,upd6121g,irda_upd6121g_remote_tv_panda35.bin,1
11390,tv,Panda,熊猫,lc7461m_c13,irda_lc7461m_c13_remote_tv_panda36.bin,1
11391,tv,Panda,熊猫,m50560-r2,irda_m50560-r2_remote_tv_panda37.bin,1
11395,tv,Panda,熊猫,mn6014w_c5d6-r2,irda_mn6014w_c5d6-r2_remote_tv_panda38.bin,1
11448,tv,Panda,熊猫,saa3010_rc5-11-r1,irda_saa3010_rc5-11-r1_remote_tv_panda2.bin,1
8857,tv,Prima,厦华,upd6121g,irda_upd6121g_remote_tv_prima.bin,1
9470,tv,Prima,厦华,tc9012-1,irda_tc9012-1_remote_tv_prima4.bin,1
9471,tv,Prima,厦华,tc9012,irda_tc9012_remote_tv_prima5.bin,1
9473,tv,Prima,厦华,tc9012,irda_tc9012_remote_tv_prima8.bin,1
9618,tv,Prima,厦华,m50560-r2,irda_m50560-r2_remote_tv_prima3.bin,1
9619,tv,Prima,厦华,m50560-r2,irda_m50560-r2_remote_tv_prima6.bin,1
9620,tv,Prima,厦华,m50560-r2,irda_m50560-r2_remote_tv_prima10.bin,1
10083,tv,Prima,厦华,m50462-r1,irda_m50462-r1_remote_tv_prima2.bin,1
10084,tv,Prima,厦华,m50462-r1,irda_m50462-r1_remote_tv_prima10.bin,1
10247,tv,Prima,厦华,lc7461m_c13,irda_lc7461m_c13_remote_tv_prima13.bin,1
11376,tv,Prima,厦华,mit_c8d8,irda_mit_c8d8_remote_tv_prima7.bin,1
11377,tv,Prima,厦华,saa3010_rc5-11-r1,irda_saa3010_rc5-11-r1_remote_tv_prima12.bin,1
11435,tv,Prima,厦华,upd6121g,irda_upd6121g_remote_tv_prima14.bin,1
8859,tv,Westinghouse,西屋,upd6121g,irda_upd6121g_remote_tv_westinghouse4.bin,1
8861,tv,Westinghouse,西屋,upd6121g,irda_upd6121g_remote_tv_westinghouse3.bin,1
8869,tv,Westinghouse,西屋,upd6121g,irda_upd6121g_remote_tv_westinghouse1.bin,1
9429,tv,Westinghouse,西屋,tc9012,irda_tc9012_remote_tv_westinghouse2.bin,1
10439,tv,Westinghouse,西屋,philips_rc6,irda_philips_rc6_remote_tv_westinghouse10.bin,1
11396,tv,Westinghouse,西屋,upd6121g,irda_upd6121g_remote_tv_westinghouse6.bin,1
11397,tv,Westinghouse,西屋,upd6121g,irda_upd6121g_remote_tv_westinghouse7.bin,1
11398,tv,Westinghouse,西屋,upd6121g,irda_upd6121g_remote_tv_westinghouse8.bin,1
11399,tv,Westinghouse,西屋,upd6121g,irda_upd6121g_remote_tv_westinghouse9.bin,1
8832,tv,Pioneer,先锋,upd6121g,irda_upd6121g_remote_tv_pioneer1.bin,1
8833,tv,Pioneer,先锋,upd6121g,irda_upd6121g_remote_tv_pioneer3.bin,1
8835,tv,Pioneer,先锋,upd6121g,irda_upd6121g_remote_tv_pioneer5.bin,1
9450,tv,Pioneer,先锋,tc9012,irda_tc9012_remote_tv_pioneer2.bin,1
10248,tv,Pioneer,先锋,lc7461m_c13,irda_lc7461m_c13_remote_tv_pioneer5.bin,1
11375,tv,Pioneer,先锋,pioneer,irda_pioneer_remote_tv_pioneer.bin,1
8863,tv,Viewsonic,优派,upd6121g,irda_upd6121g_remote_tv_viewsonic.bin,1
8864,tv,Viewsonic,优派,upd6121g,irda_upd6121g_remote_tv_viewsonic3.bin,1
8865,tv,Viewsonic,优派,upd6121g,irda_upd6121g_remote_tv_viewsonic1.bin,1
11366,tv,Viewsonic,优派,saa3010_rc5-11-r1,irda_saa3010_rc5-11-r1_remote_tv_viewsonic3.bin,1
11367,tv,Viewsonic,优派,philips_rc6,irda_philips_rc6_remote_tv_viewsonic5.bin,1
11369,tv,Viewsonic,优派,konka_kk_y261,irda_konka_kk_y261_remote_tv_viewsonic7.bin,0
11370,tv,Viewsonic,优派,upd6121g,irda_upd6121g_remote_tv_viewsonic8.bin,1
11420,tv,Viewsonic,优派,mn6014a_w_c6d6-r1,irda_mn6014a_w_c6d6-r1_remote_tv_viewsonic6.bin,1
13245,tv,Viewsonic,优派,upd6121g,irda_upd6121g_remote_tv_collected_965.bin,1
9560,tv,Yamaha,雅马哈,upd6121g,irda_upd6121g_remote_tv_yamaha.bin,1
8866,tv,Yuhang,宇航,upd6121g,irda_upd6121g_remote_tv_yuhang1.bin,1
8867,tv,Yuhang,宇航,upd6121g,irda_upd6121g_remote_tv_yuhang4.bin,1
9466,tv,Yuhang,宇航,tc9012-1,irda_tc9012-1_remote_tv_yuhang2.bin,1
9467,tv,Yuhang,宇航,tc9012-1,irda_tc9012-1_remote_tv_yuhang3.bin,1
9468,tv,Yuhang,宇航,tc9012-1,irda_tc9012-1_remote_tv_yuhang5.bin,1
9625,tv,Yuhang,宇航,m50560-r2,irda_m50560-r2_remote_tv_yuhang.bin,1
9562,tv,Zinwell,兆赫,upd6121g,irda_upd6121g_remote_tv_zinwell.bin,1
9486,tv,Baohuashi,宝花石,tc9012-1,irda_tc9012-1_remote_tv_baohuashi.bin,1
9487,tv,Baohuashi,宝花石,tc9012-1,irda_tc9012-1_remote_tv_baohuashi1.bin,1
9484,tv,Baihua,百花,tc9012-1,irda_tc9012-1_remote_tv_baihua.bin,1
9485,tv,Baihua,百花,tc9012-1,irda_tc9012-1_remote_tv_baihua2.bin,1
9489,tv,Chunfeng,春风,tc9012-1,irda_tc9012-1_remote_tv_chunfeng.bin,1
9490,tv,Chunfeng,春风,tc9012-1,irda_tc9012-1_remote_tv_chunfeng2.bin,1
9488,tv,Playmates,彩星,tc9012-1,irda_tc9012-1_remote_tv_playmates.bin,1
10137,tv,Playmates,彩星,lc7461m_c13,irda_lc7461m_c13_remote_tv_playmates2.bin,1
9491,tv,Denstar,电城,tc9012-1,irda_tc9012-1_remote_tv_denstar.bin,1
9495,tv,Eastkit,东杰,tc9012-1,irda_tc9012-1_remote_tv_eastkit1.bin,1
9514,tv,Eastkit,东杰,m50560-r2,irda_m50560-r2_remote_tv_eastkit3.bin,1
9516,tv,Eastkit,东杰,m50560-r2,irda_m50560-r2_remote_tv_eastkit4.bin,1
9517,tv,Eastkit,东杰,m50560-r2,irda_m50560-r2_remote_tv_eastkit5.bin,1
9615,tv,Eastkit,东杰,m50560-r2,irda_m50560-r2_remote_tv_eastkit6.bin,1
10100,tv,Eastkit,东杰,m50462-r2,irda_m50462-r2_remote_tv_eastkit8.bin,1
10144,tv,Eastkit,东杰,lc7461m_c13,irda_lc7461m_c13_remote_tv_eastkit.bin,1
10145,tv,Eastkit,东杰,lc7461m_c13,irda_lc7461m_c13_remote_tv_eastkit3.bin,1
9496,tv,TYD,东洋,tc9012-1,irda_tc9012-1_remote_tv_tyd1.bin,1
9499,tv,TYD,东洋,tc9012-1,irda_tc9012-1_remote_tv_tyd2.bin,1
9524,tv,TYD,东洋,m50560-r2,irda_m50560-r2_remote_tv_tyd.bin,1
9525,tv,TYD,东洋,m50560-r2,irda_m50560-r2_remote_tv_tyd3.bin,1
10148,tv,TYD,东洋,lc7461m_c13,irda_lc7461m_c13_remote_tv_tyd5.bin,1
10149,tv,TYD,东洋,lc7461m_c13,irda_lc7461m_c13_remote_tv_tyd6.bin,1
9493,tv,Dongda,东大,tc9012-1,irda_tc9012-1_remote_tv_dongda1.bin,1
9510,tv,Dongda,东大,m50560-r2,irda_m50560-r2_remote_tv_dongda.bin,1
10153,tv,Dongda,东大,lc7461m_c13,irda_lc7461m_c13_remote_tv_dongda3.bin,1
10154,tv,Dongda,东大,lc7461m_c13,irda_lc7461m_c13_remote_tv_dongda4.bin,1
9507,tv,Feilu,飞鹿,tc9012-1,irda_tc9012-1_remote_tv_feilu3.bin,1
9527,tv,Feilu,飞鹿,m50560-r2,irda_m50560-r2_remote_tv_feilu.bin,1
9529,tv,Feilu,飞鹿,m50560-r2,irda_m50560-r2_remote_tv_feilu4.bin,1
10159,tv,Feilu,飞鹿,lc7461m_c13,irda_lc7461m_c13_remote_tv_feilu2.bin,1
10160,tv,Feilu,飞鹿,lc7461m_c13,irda_lc7461m_c13_remote_tv_feilu3.bin,1
9494,tv,Baohuashi,宝华视,m50560-r2,irda_m50560-r2_remote_tv_baohuashi2.bin,1
10089,tv,Baohuashi,宝华视,m50462-r2,irda_m50462-r2_remote_tv_baohuashi4.bin,1
9497,tv,Baosheng,宝声,m50560-r2,irda_m50560-r2_remote_tv_baosheng1.bin,1
9498,tv,Baosheng,宝声,m50560-r2,irda_m50560-r2_remote_tv_baosheng2.bin,1
9500,tv,Baosheng,宝声,m50560-r2,irda_m50560-r2_remote_tv_baosheng3.bin,1
10090,tv,Baosheng,宝声,m50462-r2,irda_m50462-r2_remote_tv_baosheng.bin,1
9502,tv,Baosheng,宝生,m50560-r2,irda_m50560-r2_remote_tv_baosheng1.bin,1
10091,tv,Baosheng,宝生,m50462-r2,irda_m50462-r2_remote_tv_baosheng.bin,1
9504,tv,Chunsun,春笋,m50560-r2,irda_m50560-r2_remote_tv_chunsun1.bin,1
9505,tv,Chunsun,春笋,m50560-r2,irda_m50560-r2_remote_tv_chunsun2.bin,1
10095,tv,Chunsun,春笋,m50462-r2,irda_m50462-r2_remote_tv_chunsun.bin,1
9565,tv,Changhai,长海,m50560-r2,irda_m50560-r2_remote_tv_changhai1.bin,1
9566,tv,Changhai,长海,m50560-r2,irda_m50560-r2_remote_tv_changhai2.bin,1
9626,tv,Changhai,长海,m50560-r2,irda_m50560-r2_remote_tv_changhai3.bin,1
10096,tv,Changhai,长海,m50462-r2,irda_m50462-r2_remote_tv_changhai.bin,1
10097,tv,Changhai,长海,m50462-r2,irda_m50462-r2_remote_tv_changhai5.bin,1
9492,tv,Tobo,东宝,tc9012-1,irda_tc9012-1_remote_tv_tobo1.bin,1
9506,tv,Tobo,东宝,m50560-r2,irda_m50560-r2_remote_tv_tobo.bin,1
9508,tv,Tobo,东宝,m50560-r2,irda_m50560-r2_remote_tv_tobo3.bin,1
9509,tv,Tobo,东宝,m50560-r2,irda_m50560-r2_remote_tv_tobo5.bin,1
9614,tv,Tobo,东宝,m50560-r2,irda_m50560-r2_remote_tv_tobo6.bin,1
10139,tv,Tobo,东宝,lc7461m_c13,irda_lc7461m_c13_remote_tv_tobo3.bin,1
10140,tv,Tobo,东宝,lc7461m_c13,irda_lc7461m_c13_remote_tv_tobo5.bin,1
11436,tv,Tobo,东宝,saa3010_rc5-11-r1,irda_saa3010_rc5-11-r1_remote_tv_tobo8.bin,1
9519,tv,Tomico,东凌,m50560-r2,irda_m50560-r2_remote_tv_tomico.bin,1
9520,tv,Tomico,东凌,m50560-r2,irda_m50560-r2_remote_tv_tomico1.bin,1
9522,tv,Tomico,东凌,m50560-r2,irda_m50560-r2_remote_tv_tomico6.bin,1
9616,tv,Tomico,东凌,m50560-r2,irda_m50560-r2_remote_tv_tomico7.bin,1
10146,tv,Tomico,东凌,lc7461m_c13,irda_lc7461m_c13_remote_tv_tomico5.bin,1
10147,tv,Tomico,东凌,lc7461m_c13,irda_lc7461m_c13_remote_tv_tomico6.bin,1
11437,tv,Tomico,东凌,saa3010_rc5-11-r1,irda_saa3010_rc5-11-r1_remote_tv_tomico3.bin,1
11438,tv,Tomico,东凌,m3004_6c_lab1-0-r1,irda_m3004_6c_lab1-0-r1_remote_tv_tomico4.bin,1
9501,tv,TECO,东元,tc9012,irda_tc9012_remote_tv_teco.bin,1
9503,tv,TECO,东元,tc9012,irda_tc9012_remote_tv_teco3.bin,1
9567,tv,TECO,东元,m50560-r1,irda_m50560-r1_remote_tv_teco8.bin,1
9568,tv,TECO,东元,m50560-r1,irda_m50560-r1_remote_tv_teco13.bin,1
9888,tv,TECO,东元,singh2150_gemini-c17,irda_singh2150_gemini-c17_remote_tv_teco4.bin,1
10178,tv,TECO,东元,victor_c8d8,irda_victor_c8d8_remote_tv_teco5.bin,1
11234,tv,TECO,东元,mn6014a_w_c6d6,irda_mn6014a_w_c6d6_remote_tv_t_teco1.bin,1
11235,tv,TECO,东元,mn6014a_w_c6d6,irda_mn6014a_w_c6d6_remote_tv_t_teco3.bin,1
11236,tv,TECO,东元,upd6121g,irda_upd6121g_remote_tv_t_teco2.bin,1
11426,tv,TECO,东元,m3004_6c_lab1-1-r1,irda_m3004_6c_lab1-1-r1_remote_tv_teco3.bin,1
11427,tv,TECO,东元,sharp_ix0773ce-r2,irda_sharp_ix0773ce-r2_remote_tv_teco8.bin,1
11428,tv,TECO,东元,lc7464m_panasonic,irda_lc7464m_panasonic_remote_tv_teco12.bin,1
11429,tv,TECO,东元,tc9012,irda_tc9012_remote_tv_teco13.bin,1
11430,tv,TECO,东元,mn6014w_c5d6-r1,irda_mn6014w_c5d6-r1_remote_tv_teco15.bin,1
12192,tv,TECO,东元,custom_6bit-r1,irda_custom_6bit-r1_remote_tv_teco16.bin,1
9569,tv,Feiyue,飞跃,m50560-r1,irda_m50560-r1_remote_tv_feiyue.bin,1
9551,tv,Great Wall,长城,tc9012-1,irda_tc9012-1_remote_tv_greatwall1.bin,1
9563,tv,Great Wall,长城,m50560-r2,irda_m50560-r2_remote_tv_greatwall2.bin,1
9564,tv,Great Wall,长城,m50560-r2,irda_m50560-r2_remote_tv_greatwall4.bin,1
9512,tv,Feiyan,飞燕,tc9012-1,irda_tc9012-1_remote_tv_feiyan.bin,1
9513,tv,Feiyan,飞燕,tc9012-1,irda_tc9012-1_remote_tv_feiyan1.bin,1
9515,tv,Feiyan,飞燕,tc9012-1,irda_tc9012-1_remote_tv_feiyan4.bin,1
10158,tv,Feiyan,飞燕,lc7461m_c13,irda_lc7461m_c13_remote_tv_feiyan4.bin,1
11450,tv,Feiyan,飞燕,mn6014a_w_c6d6,irda_mn6014a_w_c6d6_remote_tv_feiyan3.bin,1
9511,tv,Donghai,东海,m50560-r2,irda_m50560-r2_remote_tv_donghai.bin,1
10101,tv,Donghai,东海,m50462-r2,irda_m50462-r2_remote_tv_donghai3.bin,1
10155,tv,Donghai,东海,lc7461m_c13,irda_lc7461m_c13_remote_tv_donghai2.bin,1
9518,tv,Gangtail,港泰,tc9012-1,irda_tc9012-1_remote_tv_gangtail4.bin,1
10165,tv,Gangtail,港泰,lc7461m_c13,irda_lc7461m_c13_remote_tv_gangtail.bin,1
10166,tv,Gangtail,港泰,lc7461m_c13,irda_lc7461m_c13_remote_tv_gangtail2.bin,1
11470,tv,Gangtail,港泰,mn6014a_w_c6d6,irda_mn6014a_w_c6d6_remote_tv_gangtail3.bin,1
9532,tv,Fujitsu,富士通,m50560-r2,irda_m50560-r2_remote_tv_fujitsu.bin,1
9534,tv,Fujitsu,富士通,m50560-r2,irda_m50560-r2_remote_tv_fujitsu1.bin,1
9536,tv,Fujitsu,富士通,m50560-r2,irda_m50560-r2_remote_tv_fujitsu3.bin,1
9537,tv,Fujitsu,富士通,m50560-r2,irda_m50560-r2_remote_tv_fujitsu4.bin,1
11451,tv,Fujitsu,富士通,lc7464m_panasonic,irda_lc7464m_panasonic_remote_tv_fujitsu3.bin,1
11452,tv,Fujitsu,富士通,m3004_6c_lab1-1-r1,irda_m3004_6c_lab1-1-r1_remote_tv_fujitsu6.bin,1
11453,tv,Fujitsu,富士通,upd6121g,irda_upd6121g_remote_tv_fujitsu7.bin,1
9539,tv,Ganxin,赣新,m50560-r2,irda_m50560-r2_remote_tv_ganxin.bin,1
11468,tv,Ganxin,赣新,m50119p,irda_m50119p_remote_tv_ganxin2.bin,1
11469,tv,Ganxin,赣新,mn6014a_w_c6d6,irda_mn6014a_w_c6d6_remote_tv_ganxin3.bin,1
9526,tv,Hongmei,虹美,tc9012-1,irda_tc9012-1_remote_tv_hongmei2.bin,1
9528,tv,Hongmei,虹美,tc9012-1,irda_tc9012-1_remote_tv_hongmei4.bin,1
9546,tv,Hongmei,虹美,m50560-r2,irda_m50560-r2_remote_tv_hongmei3.bin,1
9547,tv,Hongmei,虹美,m50560-r2,irda_m50560-r2_remote_tv_hongmei7.bin,1
10104,tv,Hongmei,虹美,m50462-r2,irda_m50462-r2_remote_tv_hongmei6.bin,1
10174,tv,Hongmei,虹美,lc7461m_c13,irda_lc7461m_c13_remote_tv_hongmei.bin,1
10176,tv,Hongmei,虹美,lc7461m_c13,irda_lc7461m_c13_remote_tv_hongmei7.bin,1
10216,tv,Hongmei,虹美,lc7461m_c13,irda_lc7461m_c13_remote_tv_hongmei2.bin,1
9521,tv,Hongmei,红梅,tc9012-1,irda_tc9012-1_remote_tv_hongmei22.bin,1
9523,tv,Hongmei,红梅,tc9012-1,irda_tc9012-1_remote_tv_hongmei23.bin,1
9544,tv,Hongmei,红梅,m50560-r2,irda_m50560-r2_remote_tv_hongmei1.bin,1
10105,tv,Hongmei,红梅,m50462-r2,irda_m50462-r2_remote_tv_hongmei.bin,1
10179,tv,Hongmei,红梅,lc7461m_c13,irda_lc7461m_c13_remote_tv_hongmei25.bin,1
10180,tv,Hongmei,红梅,lc7461m_c13,irda_lc7461m_c13_remote_tv_hongmei26.bin,1
10181,tv,Hongmei,红梅,lc7461m_c13,irda_lc7461m_c13_remote_tv_hongmei27.bin,1
9543,tv,HAILE,海乐,m50560-r2,irda_m50560-r2_remote_tv_haile3.bin,1
9530,tv,JUHUA,菊花,tc9012-1,irda_tc9012-1_remote_tv_juhua.bin,1
9531,tv,JUHUA,菊花,tc9012-1,irda_tc9012-1_remote_tv_juhua1.bin,1
9555,tv,JUHUA,菊花,m50560-r2,irda_m50560-r2_remote_tv_juhua3.bin,1
10106,tv,JUHUA,菊花,m50462-r2,irda_m50462-r2_remote_tv_juhua3.bin,1
9553,tv,JINQUE,金鹊,m50560-r2,irda_m50560-r2_remote_tv_jinque1.bin,1
9554,tv,JINQUE,金鹊,m50560-r2,irda_m50560-r2_remote_tv_jinque2.bin,1
10107,tv,JINQUE,金鹊,m50462-r2,irda_m50462-r2_remote_tv_jinque.bin,1
9548,tv,JINLIPU,金利普,m50560-r2,irda_m50560-r2_remote_tv_jinlipu1.bin,1
10108,tv,JINLIPU,金利普,m50462-r2,irda_m50462-r2_remote_tv_jinlipu3.bin,1
10109,tv,JINLIPU,金利普,m50462-r2,irda_m50462-r2_remote_tv_jinlipu4.bin,1
10188,tv,JINLIPU,金利普,lc7461m_c13,irda_lc7461m_c13_remote_tv_jinlipu.bin,1
9549,tv,South Po,南宝,tc9012-1,irda_tc9012-1_remote_tv_southpo2.bin,1
9550,tv,South Po,南宝,tc9012-1,irda_tc9012-1_remote_tv_southpo4.bin,1
9552,tv,South Po,南宝,tc9012-0,irda_tc9012-0_remote_tv_southpo.bin,1
9559,tv,South Po,南宝,m50560-r2,irda_m50560-r2_remote_tv_southpo3.bin,1
10203,tv,South Po,南宝,lc7461m_c13,irda_lc7461m_c13_remote_tv_southpo2.bin,1
10204,tv,South Po,南宝,lc7461m_c13,irda_lc7461m_c13_remote_tv_southpo6.bin,1
10205,tv,South Po,南宝,lc7461m_c13,irda_lc7461m_c13_remote_tv_southpo7.bin,1
10218,tv,South Po,南宝,lc7461m_c13,irda_lc7461m_c13_remote_tv_southpo8.bin,1
9538,tv,Melody,美乐,tc9012-1,irda_tc9012-1_remote_tv_melody1.bin,1
9540,tv,Melody,美乐,tc9012-1,irda_tc9012-1_remote_tv_melody2.bin,1
9556,tv,Melody,美乐,m50560-r2,irda_m50560-r2_remote_tv_melody5.bin,1
10112,tv,Melody,美乐,m50462-r2,irda_m50462-r2_remote_tv_melody4.bin,1
10199,tv,Melody,美乐,lc7461m_c13,irda_lc7461m_c13_remote_tv_melody5.bin,1
10217,tv,Melody,美乐,lc7461m_c13,irda_lc7461m_c13_remote_tv_melody.bin,1
9533,tv,KANGYI,康艺,tc9012-1,irda_tc9012-1_remote_tv_kangyi.bin,1
9535,tv,KANGYI,康艺,tc9012-1,irda_tc9012-1_remote_tv_kangyi3.bin,1
11489,tv,KANGYI,康艺,m50560-r2,irda_m50560-r2_remote_tv_kangyi2.bin,1
9541,tv,Mudan,牡丹,tc9012-1,irda_tc9012-1_remote_tv_mudan1.bin,1
9542,tv,Mudan,牡丹,tc9012-1,irda_tc9012-1_remote_tv_mudan4.bin,1
9545,tv,Mudan,牡丹,tc9012-1,irda_tc9012-1_remote_tv_mudan7.bin,1
9557,tv,Mudan,牡丹,m50560-r2,irda_m50560-r2_remote_tv_mudan3.bin,1
9558,tv,Mudan,牡丹,m50560-r2,irda_m50560-r2_remote_tv_mudan5.bin,1
10196,tv,Mudan,牡丹,lc7461m_c13,irda_lc7461m_c13_remote_tv_mudan7.bin,1
11597,tv,Mudan,牡丹,mn6014a_w_c6d6,irda_mn6014a_w_c6d6_remote_tv_mudan3.bin,1
11613,tv,Mudan,牡丹,mn6014w_c5d6-r2,irda_mn6014w_c5d6-r2_remote_tv_mudan.bin,1
9396,tv,Swan,天鹅,tc9012,irda_tc9012_remote_tv_swan1.bin,1
10121,tv,Swan,天鹅,m50462-r2,irda_m50462-r2_remote_tv_swan.bin,1
10233,tv,Swan,天鹅,lc7461m_c13,irda_lc7461m_c13_remote_tv_swan3.bin,1
10234,tv,Swan,天鹅,lc7461m_c13,irda_lc7461m_c13_remote_tv_swan4.bin,1
9411,tv,Xingfu,幸福,tc9012-1,irda_tc9012-1_remote_tv_xingfu2.bin,1
9438,tv,Xingfu,幸福,m50560-r2,irda_m50560-r2_remote_tv_xingfu.bin,1
10123,tv,Xingfu,幸福,m50462-r2,irda_m50462-r2_remote_tv_xingfu2.bin,1
9420,tv,Xinrisong,新日松,tc9012-1,irda_tc9012-1_remote_tv_xinrisong1.bin,1
10238,tv,Xinrisong,新日松,lc7461m_c13,irda_lc7461m_c13_remote_tv_xinrisong.bin,1
9425,tv,Xuelian,雪莲,tc9012-1,irda_tc9012-1_remote_tv_xuelian3.bin,1
10242,tv,Xuelian,雪莲,lc7461m_c13,irda_lc7461m_c13_remote_tv_xuelian.bin,1
10243,tv,Xuelian,雪莲,lc7461m_c13,irda_lc7461m_c13_remote_tv_xuelian2.bin,1
10244,tv,Xuelian,雪莲,lc7461m_c13,irda_lc7461m_c13_remote_tv_xuelian3.bin,1
9432,tv,New Star,新思达,tc9012-1,irda_tc9012-1_remote_tv_newstar3.bin,1
9434,tv,New Star,新思达,tc9012-0,irda_tc9012-0_remote_tv_newstar9.bin,1
9456,tv,New Star,新思达,m50560-r2,irda_m50560-r2_remote_tv_newstar.bin,1
9457,tv,New Star,新思达,m50560-r2,irda_m50560-r2_remote_tv_newstar1.bin,1
9458,tv,New Star,新思达,m50560-r2,irda_m50560-r2_remote_tv_newstar2.bin,1
9459,tv,New Star,新思达,m50560-r2,irda_m50560-r2_remote_tv_newstar4.bin,1
9460,tv,New Star,新思达,m50560-r2,irda_m50560-r2_remote_tv_newstar5.bin,1
9461,tv,New Star,新思达,m50560-r2,irda_m50560-r2_remote_tv_newstar6.bin,1
9463,tv,New Star,新思达,m50560-r2,irda_m50560-r2_remote_tv_newstar7.bin,1
9464,tv,New Star,新思达,m50560-r2,irda_m50560-r2_remote_tv_newstar8.bin,1
9453,tv,Akai,雅佳,tc9012-1,irda_tc9012-1_remote_tv_akai2.bin,1
9454,tv,Akai,雅佳,tc9012-1,irda_tc9012-1_remote_tv_akai3.bin,1
9455,tv,Akai,雅佳,tc9012-1,irda_tc9012-1_remote_tv_akai5.bin,1
11373,tv,Akai,雅佳,saa3010_rc5-11-r1,irda_saa3010_rc5-11-r1_remote_tv_akai.bin,1
11374,tv,Akai,雅佳,m3004_6c_lab1-1-r1,irda_m3004_6c_lab1-1-r1_remote_tv_akai2.bin,1
9561,tv,Excellent Lana Si,优拉纳斯,m50560-r2,irda_m50560-r2_remote_tv_excellentlanasi3.bin,1
10125,tv,Excellent Lana Si,优拉纳斯,m50462-r2,irda_m50462-r2_remote_tv_excellentlanasi.bin,1
9462,tv,Ushida,优视达,tc9012-1,irda_tc9012-1_remote_tv_ushida4.bin,1
9617,tv,Ushida,优视达,m50560-r2,irda_m50560-r2_remote_tv_ushida1.bin,1
10252,tv,Ushida,优视达,lc7461m_c13,irda_lc7461m_c13_remote_tv_ushida.bin,1
10253,tv,Ushida,优视达,lc7461m_c13,irda_lc7461m_c13_remote_tv_ushida3.bin,1
10254,tv,Ushida,优视达,lc7461m_c13,irda_lc7461m_c13_remote_tv_ushida4.bin,1
9448,tv,Soyea,数源,m50560-r2,irda_m50560-r2_remote_tv_soyea.bin,1
9449,tv,Soyea,数源,m50560-r2,irda_m50560-r2_remote_tv_soyea1.bin,1
9451,tv,Soyea,数源,m50560-r2,irda_m50560-r2_remote_tv_soyea5.bin,1
9452,tv,Soyea,数源,m50560-r2,irda_m50560-r2_remote_tv_soyea6.bin,1
10116,tv,Soyea,数源,m50462-r2,irda_m50462-r2_remote_tv_soyea5.bin,1
10223,tv,Soyea,数源,lc7461m_c13,irda_lc7461m_c13_remote_tv_soyea3.bin,1
10224,tv,Soyea,数源,lc7461m_c13,irda_lc7461m_c13_remote_tv_soyea8.bin,1
11554,tv,Soyea,数源,m50560-r3,irda_m50560-r3_remote_tv_soyea4.bin,1
9469,tv,Pascmio,松电,m50560-r2,irda_m50560-r2_remote_tv_pascmio3.bin,1
10222,tv,Pascmio,松电,lc7461m_c13,irda_lc7461m_c13_remote_tv_pascmio.bin,1
11556,tv,Pascmio,松电,tc9012-1,irda_tc9012-1_remote_tv_pascmio2.bin,1
11595,tv,Pascmio,松电,tc9012-1,irda_tc9012-1_remote_tv_pascmio3.bin,1
11599,tv,Pascmio,松电,m3004_6c_lab1-0-r2,irda_m3004_6c_lab1-0-r2_remote_tv_pascmio5.bin,1
9472,tv,Yongbao,永宝,tc9012-1,irda_tc9012-1_remote_tv_yongbao5.bin,1
9621,tv,Yongbao,永宝,m50560-r2,irda_m50560-r2_remote_tv_yongbao3.bin,1
10249,tv,Yongbao,永宝,lc7461m_c13,irda_lc7461m_c13_remote_tv_yongbao.bin,1
10250,tv,Yongbao,永宝,lc7461m_c13,irda_lc7461m_c13_remote_tv_yongbao2.bin,1
10251,tv,Yongbao,永宝,lc7461m_c13,irda_lc7461m_c13_remote_tv_yongbao3.bin,1
11424,tv,Yongbao,永宝,mn6014w_c5d6-r2,irda_mn6014w_c5d6-r2_remote_tv_yongbao5.bin,1
9596,tv,Baile_B,百乐,m50560-r2,irda_m50560-r2_remote_tv_baile_b3.bin,1
9597,tv,Baile_B,百乐,m50560-r2,irda_m50560-r2_remote_tv_baile_b4.bin,1
9598,tv,Baile_B,百乐,m50560-r2,irda_m50560-r2_remote_tv_baile_b5.bin,1
9599,tv,Baile_B,百乐,m50560-r2,irda_m50560-r2_remote_tv_baile_b6.bin,1
9600,tv,Baile_B,百乐,m50560-r2,irda_m50560-r2_remote_tv_baile_b8.bin,1
9601,tv,Baile_B,百乐,m50560-r2,irda_m50560-r2_remote_tv_baile_b9.bin,1
9609,tv,Deawoo,大宇,m50560-r2,irda_m50560-r2_remote_tv_deawoo.bin,1
9610,tv,Deawoo,大宇,m50560-r2,irda_m50560-r2_remote_tv_deawoo1.bin,1
9611,tv,Deawoo,大宇,m50560-r2,irda_m50560-r2_remote_tv_deawoo2.bin,1
9612,tv,Deawoo,大宇,m50560-r1,irda_m50560-r1_remote_tv_deawoo3.bin,1
9613,tv,Deawoo,大宇,m50560-r1,irda_m50560-r1_remote_tv_deawoo4.bin,1
9622,tv,Yonggu,永固,m50560-r2,irda_m50560-r2_remote_tv_yonggu.bin,1
9871,tv,ACROSS,ACROSS,saa3010_rc5-10-r1,irda_saa3010_rc5-10-r1_remote_tv_across.bin,1
9892,tv,Grundig,根德,gemini-c10-31_36k,irda_gemini-c10-31_36k_remote_tv_grundig.bin,1
11459,tv,Grundig,根德,saa3010_rc5-11-r1,irda_saa3010_rc5-11-r1_remote_tv_grundig2.bin,1
11460,tv,Grundig,根德,upd6121g,irda_upd6121g_remote_tv_grundig4.bin,1
9914,tv,Dell,戴尔,philips_rc6,irda_philips_rc6_remote_tv_dell.bin,0
10040,tv,Aolingpu,奥林普,lc7461m_c13,irda_lc7461m_c13_remote_tv_aolingpu.bin,1
10041,tv,Aolingpu,奥林普,lc7461m_c13,irda_lc7461m_c13_remote_tv_aolingpu2.bin,1
10094,tv,Rainbow,彩虹,m50462-r2,irda_m50462-r2_remote_tv_rainbow.bin,1
10135,tv,chunlan,春兰,lc7461m_c13,irda_lc7461m_c13_remote_tv_chunlan.bin,1
10151,tv,Telefunken,德律风根,m3004_6c_lab1-r1,irda_m3004_6c_lab1-r1_remote_tv_telefunken.bin,1
11432,tv,Telefunken,德律风根,m3004_6c_lab1-1-r1,irda_m3004_6c_lab1-1-r1_remote_tv_telefunken2.bin,1
11433,tv,Telefunken,德律风根,rca_56k,irda_rca_56k_remote_tv_telefunken3.bin,1
10214,tv,Nokia,诺基亚,victor_c8d8,irda_victor_c8d8_remote_tv_nokia2.bin,1
11591,tv,Nokia,诺基亚,mn6014a_w_c6d6,irda_mn6014a_w_c6d6_remote_tv_nokia.bin,1
10215,tv,Kolin,歌林,victor_c8d8,irda_victor_c8d8_remote_tv_kolin9.bin,1
11217,tv,Kolin,歌林,upd6121g,irda_upd6121g_remote_tv_t_kolin1.bin,1
11220,tv,Kolin,歌林,upd6121g,irda_upd6121g_remote_tv_t_kolin2.bin,1
11222,tv,Kolin,歌林,upd6121g,irda_upd6121g_remote_tv_t_kolin3.bin,1
11223,tv,Kolin,歌林,upd6121g,irda_upd6121g_remote_tv_t_kolin4.bin,1
11461,tv,Kolin,歌林,saa3010_rc5-11-r1,irda_saa3010_rc5-11-r1_remote_tv_kolin5.bin,1
11462,tv,Kolin,歌林,mn6014a_w_c6d6,irda_mn6014a_w_c6d6_remote_tv_kolin6.bin,1
11463,tv,Kolin,歌林,upd6121g,irda_upd6121g_remote_tv_kolin7.bin,1
11464,tv,Kolin,歌林,upd6121g,irda_upd6121g_remote_tv_kolin8.bin,1
12906,tv,Kolin,歌林,upd6121g,irda_upd6121g_remote_tv_t_kolin5.bin,1
12929,tv,Kolin,歌林,upd6121g,irda_upd6121g_remote_tv_t_kolin6.bin,1
10913,tv,Xiaomi,小米,mibox-r8,irda_mibox-r8_remote_tv_xiaomi.bin,1
11227,tv,SAMPO,SAMPO,upd6121g,irda_upd6121g_remote_tv_t_sampo2.bin,1
11239,tv,SAMPO,SAMPO,upd6121g,irda_upd6121g_remote_tv_t_sampo3.bin,1
11612,tv,SAMPO,SAMPO,mn6014a_w_c6d6,irda_mn6014a_w_c6d6_remote_tv_t_sampo1.bin,1
11858,tv,SAMPO,SAMPO,mn6014a_w_c6d6-r1,irda_mn6014a_w_c6d6-r1_remote_tv_t_sampo4.bin,1
11231,tv,TATUNG,大同,upd6121g,irda_upd6121g_remote_tv_t_tatung1.bin,1
11232,tv,TATUNG,大同,philips_rc6_26_a6,irda_philips_rc6_26_a6_remote_tv_t_tatung2.bin,1
11233,tv,TATUNG,大同,upd6121g,irda_upd6121g_remote_tv_t_tatung3.bin,1
11348,tv,TATUNG,大同,tc9012f,irda_tc9012f_remote_tv_t_tatung4.bin,1
11393,tv,BBK,步步高,saa3010_rc5-11-r1,irda_saa3010_rc5-11-r1_remote_tv_bbk.bin,1
11394,tv,Beko,倍科,saa3010_rc5-xx-r1,irda_saa3010_rc5-xx-r1_remote_tv_beko.bin,1
11441,tv,Dream Vision,Dream Vision,m3004_6c_lab1-1-r1,irda_m3004_6c_lab1-1-r1_remote_tv_dreamvision.bin,1
11434,tv,Tevion,德国莫顿,saa3010_rc5-11-r1,irda_saa3010_rc5-11-r1_remote_tv_tevion.bin,1
11405,tv,Dantax,丹特声,m3004_6c_lab1-1-r1,irda_m3004_6c_lab1-1-r1_remote_tv_dantax.bin,1
11407,tv,Dantax,丹特声,saa3010_rc5-11-r1,irda_saa3010_rc5-11-r1_remote_tv_dantax2.bin,1
11409,tv,Dantax,丹特声,m3004_6c_lab1-1-r1,irda_m3004_6c_lab1-1-r1_remote_tv_dantax3.bin,1
11419,tv,osaoki,大崎,dvb_pan_7051_samsung,irda_dvb_pan_7051_samsung_remote_tv_osaoki.bin,1
11425,tv,Teac,蒂雅克,upd6121g_001-r1,irda_upd6121g_001-r1_remote_tv_teac.bin,1
11418,tv,Fuli,富里,mn6014a_w_c6d6,irda_mn6014a_w_c6d6_remote_tv_fuli.bin,1
11415,tv,Frigidaire,富及第,saa3010_rc5-11-r1,irda_saa3010_rc5-11-r1_remote_tv_frigidaire.bin,1
11416,tv,Frigidaire,富及第,mn6014a_w_c6d6,irda_mn6014a_w_c6d6_remote_tv_frigidaire3.bin,1
11417,tv,Frigidaire,富及第,upd6121g,irda_upd6121g_remote_tv_frigidaire2.bin,1
11444,tv,Fortress,丰泽,sharp_ix0773ce-r3,irda_sharp_ix0773ce-r3_remote_tv_fortress.bin,1
11449,tv,Frontech,富士通先端科技,m3004_6c_lab1-1-r1,irda_m3004_6c_lab1-1-r1_remote_tv_frontech.bin,1
11454,tv,AOC,冠捷,upd6121g,irda_upd6121g_remote_tv_aoc.bin,1
11455,tv,AOC,冠捷,upd6121g,irda_upd6121g_remote_tv_aoc2.bin,1
11456,tv,AOC,冠捷,upd6121g,irda_upd6121g_remote_tv_aoc3.bin,1
11457,tv,AOC,冠捷,upd6121g,irda_upd6121g_remote_tv_aoc4.bin,1
11458,tv,AOC,冠捷,saa3010_rc5-11-r1,irda_saa3010_rc5-11-r1_remote_tv_aoc5.bin,1
11475,tv,Goodmans,好人士,saa3010_rc5-11-r1,irda_saa3010_rc5-11-r1_remote_tv_goodmans.bin,1
11516,tv,Thomson,汤姆逊,m3004_6c_lab1-1-r1,irda_m3004_6c_lab1-1-r1_remote_tv_thomson2.bin,1
11517,tv,Thomson,汤姆逊,m3004_6c_lab1-1-r1,irda_m3004_6c_lab1-1-r1_remote_tv_thomson3.bin,1
11536,tv,Thomson,汤姆逊,gemini-c10-31_36k,irda_gemini-c10-31_36k_remote_tv_thomson4.bin,1
11522,tv,TOPCONPro,TOPCONPro,saa3010_rc5-xx-r1,irda_saa3010_rc5-xx-r1_remote_tv_topconpro.bin,1
11538,tv,SUNGPO,声宝,sharp_ix0773ce-r2,irda_sharp_ix0773ce-r2_remote_tv_sungpo2.bin,1
11581,tv,Albatron,青云,m50560-r1,irda_m50560-r1_remote_tv_albatron.bin,1
11994,tv,Conic,Conic,upd1986c,irda_upd1986c_remote_tv_conic.bin,1
12018,tv,Oneida,奥奈达,saa3010_rc5-11-r1,irda_saa3010_rc5-11-r1_remote_tv_oneida.bin,1
12019,tv,Oneida,奥奈达,upd6121g,irda_upd6121g_remote_tv_oneida2.bin,1
12020,tv,Oneida,奥奈达,upd6121g,irda_upd6121g_remote_tv_oneida3.bin,1
12021,tv,Oneida,奥奈达,victor_c8d8-r2,irda_victor_c8d8-r2_remote_tv_oneida4.bin,1
12022,tv,Oneida,奥奈达,victor_c8d8,irda_victor_c8d8_remote_tv_oneida5.bin,1
12023,tv,Oneida,奥奈达,victor_c8d8,irda_victor_c8d8_remote_tv_oneida7.bin,1
12024,tv,Aim,Aim,saa3010_rc5-11-r1,irda_saa3010_rc5-11-r1_remote_tv_aim.bin,1
12025,tv,Akiba,Akiba,mn6014a_w_c6d6,irda_mn6014a_w_c6d6_remote_tv_akiba.bin,1
12026,tv,B&H,B&H,upd6121g,irda_upd6121g_remote_tv_bh.bin,1
12027,tv,FUNAI,船井,upd6121g,irda_upd6121g_remote_tv_funai.bin,1
12028,tv,Dinex,迪耐斯,upd6121g,irda_upd6121g_remote_tv_dinex.bin,1
12029,tv,Enzer,Enzer,tc9012-1,irda_tc9012-1_remote_tv_enzer.bin,1
12030,tv,Gaomin,高敏氏,m3004_6c_lab1-1-r1,irda_m3004_6c_lab1-1-r1_remote_tv_gaomin.bin,1
12108,tv,Gaomin,高敏氏,upd6121g,irda_upd6121g_remote_tv_gaomin2.bin,1
12109,tv,Gaomin,高敏氏,upd6121g,irda_upd6121g_remote_tv_gaomin3.bin,1
12110,tv,Gaomin,高敏氏,upd6121g,irda_upd6121g_remote_tv_gaomin4.bin,1
12111,tv,Gaomin,高敏氏,saa3010_rc5-11-r1,irda_saa3010_rc5-11-r1_remote_tv_gaomin5.bin,1
12031,tv,Goldi,Goldi,saa3010_rc5-11-r1,irda_saa3010_rc5-11-r1_remote_tv_goldi.bin,1
12032,tv,huaxia,华夏,m50560-r1,irda_m50560-r1_remote_tv_huaxia.bin,1
12033,tv,huaxia,华夏,tc9012,irda_tc9012_remote_tv_huaxia2.bin,1
12034,tv,huaxia,华夏,m50560-r1,irda_m50560-r1_remote_tv_huaxia3.bin,1
12035,tv,huaxia,华夏,m50560-r1,irda_m50560-r1_remote_tv_huaxia4.bin,1
12036,tv,huaxia,华夏,tc9012,irda_tc9012_remote_tv_huaxia5.bin,1
12037,tv,huaxia,华夏,saa3010_rc5-11-r1,irda_saa3010_rc5-11-r1_remote_tv_huaxia6.bin,1
12038,tv,huaxia,华夏,upd6121g,irda_upd6121g_remote_tv_huaxia7.bin,1
12039,tv,huaxia,华夏,tc9012,irda_tc9012_remote_tv_huaxia8.bin,1
12040,tv,huaxia,华夏,lc7461m_c13,irda_lc7461m_c13_remote_tv_huaxia9.bin,1
12041,tv,huaxia,华夏,upd6121g,irda_upd6121g_remote_tv_huaxia10.bin,1
12042,tv,huaxia,华夏,tc9012,irda_tc9012_remote_tv_huaxia11.bin,1
12043,tv,huaxia,华夏,lc7461m_c13,irda_lc7461m_c13_remote_tv_huaxia12.bin,1
12044,tv,huaxia,华夏,lc7461m_c13,irda_lc7461m_c13_remote_tv_huaxia13.bin,1
12045,tv,huaxia,华夏,lc7461m_c26d16,irda_lc7461m_c26d16_remote_tv_huaxia14.bin,1
12046,tv,huaxia,华夏,m50560-r1,irda_m50560-r1_remote_tv_huaxia15.bin,1
12047,tv,huaxia,华夏,upd6121g,irda_upd6121g_remote_tv_huaxia16.bin,1
12048,tv,huaxia,华夏,m50560-r1,irda_m50560-r1_remote_tv_huaxia17.bin,1
12049,tv,huaxia,华夏,m50560-r1,irda_m50560-r1_remote_tv_huaxia18.bin,1
12050,tv,huaxia,华夏,tc9012,irda_tc9012_remote_tv_huaxia19.bin,1
12051,tv,huaxia,华夏,tc9012,irda_tc9012_remote_tv_huaxia20.bin,1
12052,tv,huaxia,华夏,m3004_6c_lab1-1-r1,irda_m3004_6c_lab1-1-r1_remote_tv_huaxia21.bin,1
12053,tv,huaxia,华夏,m50462-r1,irda_m50462-r1_remote_tv_huaxia22.bin,1
12054,tv,Nsignia,影雅,upd6121g,irda_upd6121g_remote_tv_nsignia.bin,1
12098,tv,Xenius,Xenius,m50560-r1,irda_m50560-r1_remote_tv_xenius.bin,1
12056,tv,Shinco,新科,upd6121g,irda_upd6121g_remote_tv_shinco.bin,1
12057,tv,Shinco,新科,upd6121g,irda_upd6121g_remote_tv_shinco2.bin,1
12058,tv,Shinco,新科,upd6121g,irda_upd6121g_remote_tv_shinco3.bin,1
12059,tv,Synco,新格,m50560_001p_003p,irda_m50560_001p_003p_remote_tv_synco.bin,0
12060,tv,Synco,新格,upd6121g,irda_upd6121g_remote_tv_synco2.bin,1
12061,tv,Synco,新格,tc9012-0,irda_tc9012-0_remote_tv_synco4.bin,1
12062,tv,Synco,新格,custom_6bit,irda_custom_6bit_remote_tv_synco5.bin,0
12063,tv,Synco,新格,mn6014a_w_c6d6,irda_mn6014a_w_c6d6_remote_tv_synco6.bin,1
12064,tv,Synco,新格,tc9012-1,irda_tc9012-1_remote_tv_synco7.bin,1
12065,tv,Synco,新格,upd6124-r6,irda_upd6124-r6_remote_tv_synco3.bin,1
12066,tv,Vu,Vu,upd6121g,irda_upd6121g_remote_tv_vu.bin,1
12067,tv,Videocon,Videocon,upd6121g,irda_upd6121g_remote_tv_videocon.bin,1
12068,tv,Videocon,Videocon,upd6121g,irda_upd6121g_remote_tv_videocon3.bin,1
12069,tv,Videocon,Videocon,lc7461m_c13,irda_lc7461m_c13_remote_tv_videocon4.bin,1
12070,tv,Videocon,Videocon,upd6121g,irda_upd6121g_remote_tv_videocon5.bin,1
12071,tv,Videocon,Videocon,upd6121g,irda_upd6121g_remote_tv_videocon6.bin,1
12072,tv,Videocon,Videocon,upd6121g,irda_upd6121g_remote_tv_videocon7.bin,1
12073,tv,Videocon,Videocon,tc9012-1,irda_tc9012-1_remote_tv_videocon8.bin,1
12074,tv,Videocon,Videocon,saa3010_rc5-xx-r1,irda_saa3010_rc5-xx-r1_remote_tv_videocon9.bin,1
12075,tv,Videocon,Videocon,upd6121g,irda_upd6121g_remote_tv_videocon10.bin,1
12076,tv,Universal,Universal,saa3010_rc5-11-r1,irda_saa3010_rc5-11-r1_remote_tv_universal.bin,1
12078,tv,GE,通用电气,saa3010_rc5-11-r1,irda_saa3010_rc5-11-r1_remote_tv_ge3.bin,1
12099,tv,GE,通用电气,rca_56k,irda_rca_56k_remote_tv_ge2.bin,1
12079,tv,Syntax,Syntax,upd6121g,irda_upd6121g_remote_tv_syntax.bin,1
12080,tv,Schneider,施耐德,upd6121g,irda_upd6121g_remote_tv_schneider.bin,1
12100,tv,Schneider,施耐德,mn6014a_w_c6d6-r1,irda_mn6014a_w_c6d6-r1_remote_tv_schneider2.bin,1
12082,tv,Sceptre,赛普特,upd6124-r1,irda_upd6124-r1_remote_tv_sceptre.bin,1
12083,tv,Sceptre,赛普特,upd6121g,irda_upd6121g_remote_tv_sceptre2.bin,1
12084,tv,Rinex,Rinex,lc7461m_c13,irda_lc7461m_c13_remote_tv_rinex.bin,1
12086,tv,Orion,欧丽安,upd6121g,irda_upd6121g_remote_tv_orion2.bin,1
12087,tv,Orion,欧丽安,upd6121g,irda_upd6121g_remote_tv_orion3.bin,1
12088,tv,Orion,欧丽安,upd6121g,irda_upd6121g_remote_tv_orion4.bin,1
12089,tv,Orion,欧丽安,upd6121g,irda_upd6121g_remote_tv_orion5.bin,1
12090,tv,Orion,欧丽安,saa3010_rc5-11-r1,irda_saa3010_rc5-11-r1_remote_tv_orion6.bin,1
12091,tv,Orion,欧丽安,sharp_ix0773ce-r2,irda_sharp_ix0773ce-r2_remote_tv_orion7.bin,1
12092,tv,Orion,欧丽安,saa3010_rc5-11-r1,irda_saa3010_rc5-11-r1_remote_tv_orion8.bin,1
12093,tv,Orion,欧丽安,upd6121g,irda_upd6121g_remote_tv_orion9.bin,1
12101,tv,Orion,欧丽安,m50119p-r1,irda_m50119p-r1_remote_tv_orion.bin,1
12094,tv,NEC,NEC,upd6121g,irda_upd6121g_remote_tv_nec3.bin,1
12102,tv,HUYU,环宇,m50560-r1,irda_m50560-r1_remote_tv_huyu.bin,1
12194,tv,HP,惠普,philips_rc6,irda_philips_rc6_remote_tv_hp4.bin,1
12197,tv,HP,惠普,philips_rc6,irda_philips_rc6_remote_tv_hp2.bin,1
12190,tv,Carrefour,家乐福,custom_6bit-r1,irda_custom_6bit-r1_remote_tv_carrefour.bin,1
12112,tv,Gateway,捷威,mn6014a_w_c6d6,irda_mn6014a_w_c6d6_remote_tv_gateway.bin,1
12113,tv,Gateway,捷威,upd6121g,irda_upd6121g_remote_tv_gateway2.bin,1
12114,tv,Gateway,捷威,mn6014a_w_c6d6,irda_mn6014a_w_c6d6_remote_tv_gateway3.bin,1
12115,tv,CASIO,卡西欧,upd6121g,irda_upd6121g_remote_tv_casio.bin,1
12116,tv,Kontakt,康泰克,m50119p,irda_m50119p_remote_tv_kontakt.bin,1
12118,tv,Kontakt,康泰克,m50560-r1,irda_m50560-r1_remote_tv_kontakt3.bin,1
12191,tv,Kontakt,康泰克,custom_6bit-r1,irda_custom_6bit-r1_remote_tv_kontakt2.bin,1
12119,tv,Calix,可利士,upd6121g,irda_upd6121g_remote_tv_calix.bin,1
12139,tv,Kobe,科比,upd6121g,irda_upd6121g_remote_tv_kobe.bin,1
12140,tv,KMC,KMC,m50560-r1,irda_m50560-r1_remote_tv_kmc.bin,1
12142,tv,LanBao,蓝宝,upd6121g,irda_upd6121g_remote_tv_lanbao2.bin,1
12143,tv,LanBao,蓝宝,saa3010_rc5-xx-r1,irda_saa3010_rc5-xx-r1_remote_tv_lanbao3.bin,1
12144,tv,Roland,罗兰士,upd6121g,irda_upd6121g_remote_tv_roland.bin,1
12145,tv,Roland,罗兰士,saa3010_rc5-xx-r1,irda_saa3010_rc5-xx-r1_remote_tv_roland2.bin,1
12146,tv,MARANTZ,马兰士,dvb_pan_7051_samsung,irda_dvb_pan_7051_samsung_remote_tv_marantz.bin,1
12147,tv,Medion,麦迪龙,m3004_6c_lab1-1-r1,irda_m3004_6c_lab1-1-r1_remote_tv_medion.bin,1
12148,tv,Medion,麦迪龙,upd6121g,irda_upd6121g_remote_tv_medion2.bin,1
12149,tv,Medion,麦迪龙,saa3010_rc5-11-r1,irda_saa3010_rc5-11-r1_remote_tv_medion3.bin,1
12150,tv,Medion,麦迪龙,singh2150_gemini-c17,irda_singh2150_gemini-c17_remote_tv_medion4.bin,1
12151,tv,Medion,麦迪龙,upd6121g,irda_upd6121g_remote_tv_medion5.bin,1
12152,tv,Medion,麦迪龙,upd6121g,irda_upd6121g_remote_tv_medion6.bin,1
12153,tv,Medion,麦迪龙,upd6121g,irda_upd6121g_remote_tv_medion7.bin,1
12154,tv,Medion,麦迪龙,tc9012-1,irda_tc9012-1_remote_tv_medion8.bin,1
12155,tv,Medion,麦迪龙,lc7461m_c13,irda_lc7461m_c13_remote_tv_medion9.bin,1
12156,tv,Medion,麦迪龙,m3004_6c_lab1-1-r1,irda_m3004_6c_lab1-1-r1_remote_tv_medion10.bin,1
12157,tv,Medion,麦迪龙,saa3010_rc5-11-r1,irda_saa3010_rc5-11-r1_remote_tv_medion11.bin,1
12158,tv,Medion,麦迪龙,m50560-r1,irda_m50560-r1_remote_tv_medion12.bin,1
12159,tv,Medion,麦迪龙,upd6121g,irda_upd6121g_remote_tv_medion13.bin,1
12160,tv,Medion,麦迪龙,upd6121g,irda_upd6121g_remote_tv_medion14.bin,1
12161,tv,Medion,麦迪龙,upd6121g,irda_upd6121g_remote_tv_medion15.bin,1
12162,tv,Medion,麦迪龙,saa3010_rc5-11-r1,irda_saa3010_rc5-11-r1_remote_tv_medion16.bin,1
12163,tv,Medion,麦迪龙,upd6121g,irda_upd6121g_remote_tv_medion17.bin,1
12164,tv,Medion,麦迪龙,lc7464m_panasonic,irda_lc7464m_panasonic_remote_tv_medion18.bin,1
12165,tv,SOYO,梅捷,upd6121g,irda_upd6121g_remote_tv_soyo.bin,1
12166,tv,SOYO,梅捷,konka_kk_y261,irda_konka_kk_y261_remote_tv_soyo2.bin,1
12167,tv,SOYO,梅捷,upd6121g,irda_upd6121g_remote_tv_soyo3.bin,1
12168,tv,SOYO,梅捷,upd6121g,irda_upd6121g_remote_tv_soyo4.bin,1
12169,tv,SOYO,梅捷,upd6121g,irda_upd6121g_remote_tv_soyo5.bin,1
12170,tv,SOYO,梅捷,upd6121g,irda_upd6121g_remote_tv_soyo6.bin,1
12171,tv,SOYO,梅捷,upd6121g,irda_upd6121g_remote_tv_soyo7.bin,1
12172,tv,MAG,美格,philips,irda_philips_remote_tv_mag.bin,1
12173,tv,MAG,美格,saa3010_rc5-11-r1,irda_saa3010_rc5-11-r1_remote_tv_mag2.bin,1
12174,tv,MAG,美格,saa3010_rc5-xx-r1,irda_saa3010_rc5-xx-r1_remote_tv_mag3.bin,1
12120,tv,Micromax,Micromax,upd6121g,irda_upd6121g_remote_tv_micromax.bin,1
12121,tv,Micromax,Micromax,upd6121g,irda_upd6121g_remote_tv_micromax2.bin,1
12122,tv,Micromax,Micromax,upd6121g,irda_upd6121g_remote_tv_micromax3.bin,1
12123,tv,Micromax,Micromax,upd6121g,irda_upd6121g_remote_tv_micromax4.bin,1
12124,tv,Micromax,Micromax,upd6121g,irda_upd6121g_remote_tv_micromax5.bin,1
12125,tv,Micromax,Micromax,upd6121g,irda_upd6121g_remote_tv_micromax6.bin,1
12128,tv,Micromax,Micromax,upd6121g,irda_upd6121g_remote_tv_micromax9.bin,1
12129,tv,Micromax,Micromax,tc9012-1,irda_tc9012-1_remote_tv_micromax10.bin,1
12131,tv,Micromax,Micromax,saa3010_rc5-11-r1,irda_saa3010_rc5-11-r1_remote_tv_micromax12.bin,1
12133,tv,Micromax,Micromax,upd6121g,irda_upd6121g_remote_tv_micromax16.bin,1
12134,tv,Micromax,Micromax,singh2150_gemini-c17,irda_singh2150_gemini-c17_remote_tv_micromax17.bin,1
12135,tv,Micromax,Micromax,upd6121g,irda_upd6121g_remote_tv_micromax18.bin,1
12136,tv,Micromax,Micromax,upd6121g,irda_upd6121g_remote_tv_micromax19.bin,1
12137,tv,Micromax,Micromax,upd6121g,irda_upd6121g_remote_tv_micromax20.bin,1
12138,tv,Micromax,Micromax,upd6121g,irda_upd6121g_remote_tv_micromax21.bin,1
12243,tv,Micromax,Micromax,saa3010_rc5-11-r1,irda_saa3010_rc5-11-r1_remote_tv_micromax7.bin,1
12244,tv,Micromax,Micromax,lc7461m_c13,irda_lc7461m_c13_remote_tv_micromax8.bin,1
12245,tv,Micromax,Micromax,saa3010_rc5-11-r1,irda_saa3010_rc5-11-r1_remote_tv_micromax11.bin,1
12247,tv,Micromax,Micromax,rca_56k-r2,irda_rca_56k-r2_remote_tv_micromax13.bin,1
12750,tv,WHALEY,微鲸,upd6121g,irda_upd6121g_remote_tv_whaley.bin,1
12859,tv,CAN,看尚,upd6121g,irda_upd6121g_remote_tv_can.bin,1
12863,tv,PPTV,PPTV,pioneer-r1,irda_pioneer-r1_remote_tv_pptv.bin,1
12968,tv,PPTV,PPTV,upd6121g,irda_upd6121g_remote_tv_pptv1.bin,1
9476,fan,Midea,美的,upd6121g,irda_upd6121g_remote_fan_11367.bin,1
9686,fan,Midea,美的,upd6121g2,irda_upd6121g2_remote_fan_midea.bin,1
9689,fan,Midea,美的,upd6121g,irda_upd6121g_remote_fan_midea3.bin,1
9691,fan,Midea,美的,m9148-r3,irda_m9148-r3_remote_fan_midea4.bin,1
9692,fan,Midea,美的,m9148-r4,irda_m9148-r4_remote_fan_midea5.bin,1
9693,fan,Midea,美的,pt2268-r4,irda_pt2268-r4_remote_fan_midea6.bin,1
9634,fan,Airmate,艾美特,m9148,irda_m9148_remote_fan_airmate.bin,1
9635,fan,Airmate,艾美特,m9148-r7,irda_m9148-r7_remote_fan_airmate2.bin,1
9636,fan,Airmate,艾美特,pt2268,irda_pt2268_remote_fan_airmate4.bin,1
9638,fan,Airmate,艾美特,mn6014a_w-c6d6,irda_mn6014a_w-c6d6_remote_fan_airmate9.bin,1
9648,fan,Airmate,艾美特,m9148-r4,irda_m9148-r4_remote_fan_airmate.bin,1
9652,fan,Airmate,艾美特,m9148-r7,irda_m9148-r7_remote_fan_airmate1.bin,1
9653,fan,Airmate,艾美特,m9148-r3,irda_m9148-r3_remote_fan_airmate2.bin,1
9654,fan,Airmate,艾美特,m9148-r3,irda_m9148-r3_remote_fan_airmate3.bin,1
9656,fan,Airmate,艾美特,m9148-r3,irda_m9148-r3_remote_fan_airmate4.bin,1
9658,fan,Airmate,艾美特,m9148-r3,irda_m9148-r3_remote_fan_airmate6.bin,1
9659,fan,Airmate,艾美特,m9148-r3,irda_m9148-r3_remote_fan_airmate7.bin,1
9660,fan,Airmate,艾美特,pt2268-r2,irda_pt2268-r2_remote_fan_airmate8.bin,1
9663,fan,Airmate,艾美特,upd6121g,irda_upd6121g_remote_fan_airmate9.bin,1
9665,fan,Airmate,艾美特,mn6014a_w_c6d6,irda_mn6014a_w_c6d6_remote_fan_airmate10.bin,1
9667,fan,Airmate,艾美特,pt2268-r2,irda_pt2268-r2_remote_fan_airmate11.bin,1
9668,fan,Airmate,艾美特,m9148-r3,irda_m9148-r3_remote_fan_airmate12.bin,1
9669,fan,Airmate,艾美特,upd6121g2,irda_upd6121g2_remote_fan_airmate13.bin,1
9671,fan,Airmate,艾美特,m9148-r3,irda_m9148-r3_remote_fan_airmate14.bin,1
9672,fan,Airmate,艾美特,m9148-r3,irda_m9148-r3_remote_fan_airmate15.bin,1
12178,fan,Airmate,艾美特,m9148-r5,irda_m9148-r5_remote_fan_t_airmate1.bin,1
12186,fan,Airmate,艾美特,irext_code2-r5,irda_irext_code2-r5_remote_fan_t_airmate2.bin,1
12187,fan,Airmate,艾美特,irext_code2-r4,irda_irext_code2-r4_remote_fan_t_airmate3.bin,1
12944,fan,Airmate,艾美特,m9148-r3,irda_m9148-r3_remote_fan_airmate50.bin,1
12972,fan,Airmate,艾美特,m9148-r3,irda_m9148-r3_remote_fan_t_airmate4.bin,1
12973,fan,Airmate,艾美特,upd6121g,irda_upd6121g_remote_fan_t_kolin1.bin,0
12977,fan,Airmate,艾美特,irext_code2-r5,irda_irext_code2-r5_remote_fan_t_airmate5.bin,1
12978,fan,Airmate,艾美特,irext_code2-r3,irda_irext_code2-r3_remote_fan_t_airmate6.bin,1
13065,fan,Airmate,艾美特,m9148-r8,irda_m9148-r8_remote_fan_t_airmate7.bin,1
13066,fan,Airmate,艾美特,m9148-r8,irda_m9148-r8_remote_fan_t_airmate8.bin,1
13342,fan,Airmate,艾美特,m9148-r4,irda_m9148-r4_remote_fan_collected_164.bin,1
9633,fan,Kolin,歌林,upd6121g,irda_upd6121g_remote_fan_kolin_01.bin,1
12747,fan,Kolin,歌林,upd6121g_001-r1,irda_upd6121g_001-r1_remote_fan_t_kolin1.bin,1
12974,fan,Kolin,歌林,upd6121g,irda_upd6121g_remote_fan_t_kolin1.bin,0
12975,fan,Kolin,歌林,upd6121g,irda_upd6121g_remote_fan_t_kolin2.bin,1
9640,fan,Pioneer,先锋,singfun,irda_singfun_remote_fan_pioeer.bin,1
9708,fan,Pioneer,先锋,m9148-r8,irda_m9148-r8_remote_fan_pioneer3.bin,1
9709,fan,Pioneer,先锋,m9148-r4,irda_m9148-r4_remote_fan_pioneer4.bin,1
9712,fan,Pioneer,先锋,m9148-r3,irda_m9148-r3_remote_fan_pioneer5.bin,1
9714,fan,Pioneer,先锋,upd6121g,irda_upd6121g_remote_fan_pioneer8.bin,1
9717,fan,Pioneer,先锋,upd6121g,irda_upd6121g_remote_fan_pioneer9.bin,1
9763,fan,Pioneer,先锋,upd6121g,irda_upd6121g_remote_fan_pioneer10.bin,1
9771,fan,Pioneer,先锋,m9148-r9,irda_m9148-r9_remote_fan_pioneer2.bin,1
9642,fan,baili,柏力,upd6121g,irda_upd6121g_remote_fan_baili2.bin,1
9773,fan,baili,柏力,upd6121g,irda_upd6121g_remote_fan_baili.bin,1
9643,fan,Tkec,灿坤,upd6121g,irda_upd6121g_remote_fan_tkec3.bin,1
9644,fan,Tkec,灿坤,upd6121g,irda_upd6121g_remote_fan_tkec4.bin,1
9645,fan,Tkec,灿坤,upd6121g,irda_upd6121g_remote_fan_tkec5.bin,1
9646,fan,GreatWall,长城,m9148-r4,irda_m9148-r4_remote_fan_greatwall.bin,1
9647,fan,GreatWall,长城,m9148-r3,irda_m9148-r3_remote_fan_greatwall2.bin,1
9650,fan,GreatWall,长城,upd6121g,irda_upd6121g_remote_fan_greatwall5.bin,1
9651,fan,GreatWall,长城,upd6121g,irda_upd6121g_remote_fan_greatwall6.bin,1
9772,fan,GreatWall,长城,upd6121g,irda_upd6121g_remote_fan_greatwall7.bin,1
9657,fan,Wahson,华生,m9148-r4,irda_m9148-r4_remote_fan_wahson.bin,1
9661,fan,Wahson,华生,upd6121g,irda_upd6121g_remote_fan_wahson2.bin,1
9662,fan,Wahson,华生,upd6121g,irda_upd6121g_remote_fan_wahson5.bin,1
9664,fan,Wahson,华生,upd6121g,irda_upd6121g_remote_fan_wahson6.bin,1
9666,fan,Wahson,华生,upd6121g,irda_upd6121g_remote_fan_wahson7.bin,1
9674,fan,Aucma,澳柯玛,upd6121g,irda_upd6121g_remote_fan_aucma.bin,1
9676,fan,Aucma,澳柯玛,m9148-r4,irda_m9148-r4_remote_fan_aucma1.bin,1
9677,fan,Aucma,澳柯玛,pt2268-r4,irda_pt2268-r4_remote_fan_aucma2.bin,1
9670,fan,Huicheng,汇成,m9148-r3,irda_m9148-r3_remote_fan_huicheng.bin,1
9673,fan,haier,海尔,upd6121g,irda_upd6121g_remote_fan_haier.bin,1
9675,fan,haier,海尔,m9148-r4,irda_m9148-r4_remote_fan_haier2.bin,1
9678,fan,haier,海尔,upd6121g,irda_upd6121g_remote_fan_haier3.bin,1
9681,fan,Huabao,华宝,m9148-r4,irda_m9148-r4_remote_fan_huabao.bin,1
9694,fan,Royalsta,荣事达,m9148-r4,irda_m9148-r4_remote_fan_royalsta.bin,1
9695,fan,Royalsta,荣事达,upd6121g,irda_upd6121g_remote_fan_royalsta4.bin,1
9696,fan,Royalsta,荣事达,upd6121g,irda_upd6121g_remote_fan_royalsta5.bin,1
9697,fan,Royalsta,荣事达,upd6121g,irda_upd6121g_remote_fan_royalsta6.bin,1
9701,fan,Rongsheng,容声,m9148-r4,irda_m9148-r4_remote_fan_rongsheng.bin,1
9702,fan,TCL,TCL,m9148-r3,irda_m9148-r3_remote_fan_tcl.bin,1
9703,fan,TCL,TCL,upd6121g,irda_upd6121g_remote_fan_tcl3.bin,1
9704,fan,Wanbao,万宝,m9148-r4,irda_m9148-r4_remote_fan_wanbao.bin,1
9723,fan,Sharp,夏普,upd6121g,irda_upd6121g_remote_fan_sharp.bin,1
9727,fan,Frestec,新飞,m9148-r4,irda_m9148-r4_remote_fan_frestec.bin,1
9730,fan,Xinde,新的,upd6121g,irda_upd6121g_remote_fan_xinde3.bin,1
9732,fan,Xinde,新的,upd6121g,irda_upd6121g_remote_fan_xinde4.bin,1
9733,fan,Xinde,新的,upd6121g,irda_upd6121g_remote_fan_xinde5.bin,1
9679,fan,Odor,奥德尔,m9148-r4,irda_m9148-r4_remote_fan_ador.bin,1
9680,fan,Odor,奥德尔,m9148-r3,irda_m9148-r3_remote_fan_ador1.bin,1
9764,fan,Aux,奥克斯,m9148-r3,irda_m9148-r3_remote_fan_aux.bin,1
9765,fan,Aux,奥克斯,m9148-r3,irda_m9148-r3_remote_fan_aux1.bin,1
9766,fan,Aux,奥克斯,m9148-r4,irda_m9148-r4_remote_fan_aux2.bin,1
9767,fan,Aux,奥克斯,m9148-r3,irda_m9148-r3_remote_fan_aux3.bin,1
9768,fan,Aux,奥克斯,m9148-r3,irda_m9148-r3_remote_fan_aux4.bin,1
9769,fan,Aux,奥克斯,upd6121g,irda_upd6121g_remote_fan_aux5.bin,1
9770,fan,Aux,奥克斯,upd6121g,irda_upd6121g_remote_fan_aux6.bin,1
9690,fan,Duoli,多丽,m9148-r4,irda_m9148-r4_remote_fan_duoli.bin,1
9698,fan,Fushibao,富士宝,m9148-r10,irda_m9148-r10_remote_fan_fushibao.bin,1
9699,fan,Gree,格力,m9148-r4,irda_m9148-r4_remote_fan_gree.bin,1
9700,fan,Gree,格力,m9148-r3,irda_m9148-r3_remote_fan_gree2.bin,1
9774,fan,Gree,格力,pt2268-r3,irda_pt2268-r3_remote_fan_gree3.bin,1
9761,fan,kdk,KDK,mn6014a_w_c6d6,irda_mn6014a_w_c6d6_remote_fan_kdk.bin,1
9705,fan,Konka,康佳,m9148-r4,irda_m9148-r4_remote_fan_konka.bin,1
9706,fan,Konka,康佳,m9148-r3,irda_m9148-r3_remote_fan_konka1.bin,1
9707,fan,Kelon,科龙,m9148-r8,irda_m9148-r8_remote_fan_kelon.bin,1
9710,fan,Kelon,科龙,upd6121g,irda_upd6121g_remote_fan_kelon3.bin,1
9711,fan,Kelon,科龙,upd6121g,irda_upd6121g_remote_fan_kelon4.bin,1
9713,fan,Kelon,科龙,upd6121g,irda_upd6121g_remote_fan_kelon5.bin,1
9715,fan,Kelon,科龙,upd6121g,irda_upd6121g_remote_fan_kelon6.bin,1
9716,fan,Kelon,科龙,upd6121g,irda_upd6121g_remote_fan_kelon7.bin,1
9719,fan,Lianc,联创,m9148-r3,irda_m9148-r3_remote_fan_lianc.bin,1
9720,fan,Lianc,联创,upd6121g,irda_upd6121g_remote_fan_lianc1.bin,1
9721,fan,Lianc,联创,upd6121g,irda_upd6121g_remote_fan_lianc2.bin,1
9722,fan,Lianc,联创,m9148-r4,irda_m9148-r4_remote_fan_lianc3.bin,1
9724,fan,Lianc,联创,upd6121g,irda_upd6121g_remote_fan_lianc4.bin,1
9725,fan,Lianc,联创,upd6121g,irda_upd6121g_remote_fan_lianc5.bin,1
9726,fan,Lianc,联创,pt2268-r2,irda_pt2268-r2_remote_fan_lianc6.bin,1
9728,fan,Lianc,联创,upd6121g,irda_upd6121g_remote_fan_lianc8.bin,1
9729,fan,Lianc,联创,upd6121g,irda_upd6121g_remote_fan_lianc9.bin,1
9731,fan,Lianc,联创,upd6121g,irda_upd6121g_remote_fan_lianc10.bin,1
9734,fan,Camel,骆驼,m9148-r3,irda_m9148-r3_remote_fan_camel.bin,1
9735,fan,Camel,骆驼,upd6121g,irda_upd6121g_remote_fan_camel3.bin,1
9736,fan,Camel,骆驼,upd6121g,irda_upd6121g_remote_fan_camel4.bin,1
9737,fan,Camel,骆驼,upd6121g,irda_upd6121g_remote_fan_camel5.bin,1
9738,fan,Camel,骆驼,upd6121g,irda_upd6121g_remote_fan_camel6.bin,1
9739,fan,Camel,骆驼,upd6121g,irda_upd6121g_remote_fan_camel7.bin,1
9740,fan,Camel,骆驼,upd6121g,irda_upd6121g_remote_fan_camel8.bin,1
9741,fan,Camel,骆驼,upd6121g,irda_upd6121g_remote_fan_camel9.bin,1
9742,fan,Longsheng,龙昇,upd6121g,irda_upd6121g_remote_fan_longsheng.bin,1
9743,fan,Siyu,丝雨,upd6121g,irda_upd6121g_remote_fan_siyu1.bin,1
9744,fan,Siyu,丝雨,upd6121g,irda_upd6121g_remote_fan_siyu2.bin,1
9745,fan,Siyu,丝雨,upd6121g,irda_upd6121g_remote_fan_siyu3.bin,1
9746,fan,Shifeng,时丰,upd6121g,irda_upd6121g_remote_fan_shifeng1.bin,1
9747,fan,Shifeng,时丰,upd6121g,irda_upd6121g_remote_fan_shifeng2.bin,1
9748,fan,Shifeng,时丰,upd6121g,irda_upd6121g_remote_fan_shifeng3.bin,1
9749,fan,Shifeng,时丰,upd6121g,irda_upd6121g_remote_fan_shifeng4.bin,1
9750,fan,Shifeng,时丰,upd6121g,irda_upd6121g_remote_fan_shifeng5.bin,1
9751,fan,Shifeng,时丰,upd6121g,irda_upd6121g_remote_fan_shifeng6.bin,1
9752,fan,Shifeng,时丰,upd6121g,irda_upd6121g_remote_fan_shifeng7.bin,1
9753,fan,Shifeng,时丰,upd6121g,irda_upd6121g_remote_fan_shifeng8.bin,1
9754,fan,Sampux,桑普,upd6121g,irda_upd6121g_remote_fan_sampux1.bin,1
9755,fan,Sampux,桑普,upd6121g,irda_upd6121g_remote_fan_sampux2.bin,1
9756,fan,Sampux,桑普,upd6121g,irda_upd6121g_remote_fan_sampux3.bin,1
9757,fan,Panasonic,松下,mn6014a_w_c6d6,irda_mn6014a_w_c6d6_remote_fan_panasonic.bin,1
9758,fan,Panasonic,松下,mn6014a_w_c6d6,irda_mn6014a_w_c6d6_remote_fan_panasonic1.bin,1
9759,fan,Panasonic,松下,m9148-r3,irda_m9148-r3_remote_fan_panasonic2.bin,1
12177,fan,Panasonic,松下,irext_code3,irda_irext_code3_remote_fan_t_panasonic1.bin,1
12979,fan,Panasonic,松下,irext_code3-r3,irda_irext_code3-r3_remote_fan_t_panasonic2.bin,1
9760,fan,Shinee,赛亿,m9148-r4,irda_m9148-r4_remote_fan_shinee.bin,1
9775,fan,Littleswan,小天鹅,upd6121g,irda_upd6121g_remote_fan_littleswan2.bin,1
9776,fan,Littleswan,小天鹅,upd6121g,irda_upd6121g_remote_fan_littleswan3.bin,1
9777,fan,Littleswan,小天鹅,upd6121g,irda_upd6121g_remote_fan_littleswan4.bin,1
9778,fan,Littleswan,小天鹅,upd6121g,irda_upd6121g_remote_fan_littleswan5.bin,1
9779,fan,Xiaoxingxing,小行星,upd6121g,irda_upd6121g_remote_fan_xiaoxingxing3.bin,1
9780,fan,Xiaoxingxing,小行星,upd6121g,irda_upd6121g_remote_fan_xiaoxingxing4.bin,1
9781,fan,Xiaoxingxing,小行星,upd6121g,irda_upd6121g_remote_fan_xiaoxingxing5.bin,1
9782,fan,Xiaoxingxing,小行星,upd6121g,irda_upd6121g_remote_fan_xiaoxingxing6.bin,1
9783,fan,Xiaoxingxing,小行星,upd6121g,irda_upd6121g_remote_fan_xiaoxingxing7.bin,1
9784,fan,Xiaoxingxing,小行星,upd6121g,irda_upd6121g_remote_fan_xiaoxingxing8.bin,1
9786,fan,Xiaoxingxing,小行星,upd6121g,irda_upd6121g_remote_fan_xiaoxingxing10.bin,1
9787,fan,Xiaoxingxing,小行星,upd6121g,irda_upd6121g_remote_fan_xiaoxingxing9.bin,1
9788,fan,Zolee,中联,upd6121g,irda_upd6121g_remote_fan_zolee3.bin,1
9789,fan,Zolee,中联,upd6121g,irda_upd6121g_remote_fan_zolee4.bin,1
9790,fan,Zolee,中联,upd6121g,irda_upd6121g_remote_fan_zolee5.bin,1
9791,fan,Diamond,钻石,upd6121g,irda_upd6121g_remote_fan_diamond2.bin,1
9793,fan,Diamond,钻石,m9148-r3,irda_m9148-r3_remote_fan_diamond1.bin,1
9792,fan,Yangzi,杨子,upd6121g,irda_upd6121g_remote_fan_yangzi.bin,1
9805,fan,Yangzi,杨子,m9148-r3,irda_m9148-r3_remote_fan_yangzi1.bin,1
9795,fan,Yair,扬子,m9148-r3,irda_m9148-r3_remote_fan_yair.bin,1
9796,fan,Yuandong,远东,m9148-r3,irda_m9148-r3_remote_fan_yuandong.bin,1
9797,fan,Eson,永生,m9148-r4,irda_m9148-r4_remote_fan_eson.bin,1
9798,fan,Eson,永生,upd6121g,irda_upd6121g_remote_fan_eson3.bin,1
9799,fan,Eson,永生,upd6121g,irda_upd6121g_remote_fan_eson4.bin,1
9800,fan,Eson,永生,upd6121g,irda_upd6121g_remote_fan_eson5.bin,1
9801,fan,Amos,亚摩斯,m9148-r4,irda_m9148-r4_remote_fan_amos.bin,1
9802,fan,Amos,亚摩斯,pt2268-r2,irda_pt2268-r2_remote_fan_amos1.bin,1
9803,fan,Amos,亚摩斯,m9148-r3,irda_m9148-r3_remote_fan_amos2.bin,1
9804,fan,Amos,亚摩斯,upd6121g,irda_upd6121g_remote_fan_amos3.bin,1
11364,fan,CHIMEI,奇美,m9148-r4,irda_m9148-r4_remote_fan_t_chimei1.bin,1
12915,fan,CHIMEI,奇美,upd6121g,irda_upd6121g_remote_fan_t_chimei2.bin,1
11653,fan,Dyson,戴森,irext_code1,irda_irext_code1_remote_fan_dyson1.bin,1
11963,fan,Dyson,戴森,irext_code1,irda_irext_code1_remote_fan_dyson2.bin,1
11941,fan,Aloha,Aloha,m9148-r1,irda_m9148-r1_remote_fan_aloha.bin,1
11942,fan,Bionaire,百奥耐尔,m9148-r1,irda_m9148-r1_remote_fan_bionaire.bin,1
11943,fan,Bionaire,百奥耐尔,m9148-r1,irda_m9148-r1_remote_fan_bionaire2.bin,1
11944,fan,Bionaire,百奥耐尔,m9148-r1,irda_m9148-r1_remote_fan_bionaire3.bin,1
11945,fan,Changhong,长虹,upd6121g,irda_upd6121g_remote_fan_changhong.bin,1
11946,fan,cople,cople,m9148-r1,irda_m9148-r1_remote_fan_cople.bin,1
11947,fan,Rowenta,好运达,m9148-r1,irda_m9148-r1_remote_fan_rowenta.bin,1
11948,fan,Rowenta,好运达,m9148-r1,irda_m9148-r1_remote_fan_rowenta2.bin,1
11949,fan,Holmes,郝姆斯,m9148-r1,irda_m9148-r1_remote_fan_holmes.bin,1
11950,fan,Holmes,郝姆斯,upd6121g,irda_upd6121g_remote_fan_holmes2.bin,1
11951,fan,Holmes,郝姆斯,pt2268,irda_pt2268_remote_fan_holmes3.bin,1
11952,fan,Honeywell,霍尼韦尔,m9148-r1,irda_m9148-r1_remote_fan_honeywell.bin,1
11953,fan,Honeywell,霍尼韦尔,m9148-r1,irda_m9148-r1_remote_fan_honeywell2.bin,1
11954,fan,Honeywell,霍尼韦尔,pt2268,irda_pt2268_remote_fan_honeywell3.bin,1
11955,fan,Kangbao,康宝,m9148-r1,irda_m9148-r1_remote_fan_kangbao.bin,1
11956,fan,Lasko,Lasko,m9148-r1,irda_m9148-r1_remote_fan_lasko.bin,1
11957,fan,Lasko,Lasko,upd6121g,irda_upd6121g_remote_fan_lasko2.bin,1
13071,fan,Lasko,Lasko,m9148-r5,irda_m9148-r5_remote_fan_t_lasko2.bin,1
11958,fan,Triangle,三角,m9148-r1,irda_m9148-r1_remote_fan_triangle.bin,1
11959,fan,Shangpengtang,尚朋堂,upd6121g,irda_upd6121g_remote_fan_shangpengtang.bin,1
11960,fan,Saul,索尔,upd6121g,irda_upd6121g_remote_fan_saul.bin,1
11961,fan,VORNADO,沃拿多,m9148-r1,irda_m9148-r1_remote_fan_vornado.bin,1
11962,fan,Chigo,志高,m9148-r4,irda_m9148-r4_remote_fan_chigo.bin,1
12188,fan,ZERO,ZERO,irext_code2-r5,irda_irext_code2-r5_remote_fan_t_zero1.bin,1
12758,fan,izumi,izumi,m9148-r7,irda_m9148-r7_remote_fan_t_izumi1.bin,1
12864,fan,BRANDT,白朗,m9148-r8,irda_m9148-r8_remote_fan_t_brandt1.bin,1
12867,fan,SANYO,三洋,m9148-r4,irda_m9148-r4_remote_fan_t_sanyo1.bin,1
12873,fan,BONECO,BONECO,upd6121g,irda_upd6121g_remote_fan_t_boneco1.bin,1
12903,fan,ShunKuang,顺光,upd6121g2,irda_upd6121g2_remote_fan_t_shunkuang1.bin,1
12907,fan,ShunKuang,顺光,m9148-r6,irda_m9148-r6_remote_fan_t_shunkuang2.bin,1
12924,fan,SAMPO,声宝,upd6121g,irda_upd6121g_remote_fan_t_sampo1.bin,1
12969,fan,NORTHERN,北方,m9148-r2,irda_m9148-r2_remote_fan_t_northern1.bin,0
12970,fan,NORTHERN,北方,m9148_longstop-r2,irda_m9148_longstop-r2_remote_fan_t_northern1.bin,1
12971,fan,KE,嘉仪,upd6121g,irda_upd6121g_remote_fan_t_ke1.bin,1
12976,fan,BEST,BEST,m9148-r5,irda_m9148-r5_remote_fan_t_best1.bin,1
13034,fan,PINOH,品诺,m9148-r5,irda_m9148-r5_remote_fan_t_pinoh.bin,1
12775,fan,,美的,upd6121g2,irda_upd6121g2_remote_fan_midea20.bin,1
12812,fan,,夏普,sharp_rc7125,irda_sharp_rc7125_remote_fan_t_sharp1.bin,1
12791,fan,,戴森,irext_code1-r2,irda_irext_code1-r2_remote_fan_dyson15.bin,1
12792,fan,,戴森,irext_code1-r2,irda_irext_code1-r2_remote_fan_dyson14.bin,1
12793,fan,,戴森,irext_dyson_6bit,irda_irext_dyson_6bit_remote_fan_dyson12.bin,1
12794,fan,,戴森,irext_code1-r2,irda_irext_code1-r2_remote_fan_dyson10.bin,1
12795,fan,,戴森,irext_code1-r2,irda_irext_code1-r2_remote_fan_dyson11.bin,1
12796,fan,,戴森,irext_dyson_7bit,irda_irext_dyson_7bit_remote_fan_dyson8.bin,1
12797,fan,,戴森,irext_dyson_6bit,irda_irext_dyson_6bit_remote_fan_dyson5.bin,1
12798,fan,,戴森,irext_dyson_7bit,irda_irext_dyson_7bit_remote_fan_dyson9.bin,1
12799,fan,,戴森,irext_dyson_7bit,irda_irext_dyson_7bit_remote_fan_dyson4.bin,1
12800,fan,,戴森,irext_dyson_6bit_7bit,irda_irext_dyson_6bit_7bit_remote_fan_dyson3.bin,1
12801,fan,,戴森,irext_code1-r2,irda_irext_code1-r2_remote_fan_dyson13.bin,1
12802,fan,,戴森,irext_code1-r2,irda_irext_code1-r2_remote_fan_dyson16.bin,1
12765,fan,,Lasko,m9148-r3,irda_m9148-r3_remote_fan_t_lasko1.bin,1
9885,projector,Epson,爱普生,upd6121g,irda_upd6121g_remote_projector_epson3.bin,1
9886,projector,Epson,爱普生,upd6121g,irda_upd6121g_remote_projector_epson2.bin,1
9915,projector,Epson,爱普生,upd6121g,irda_upd6121g_remote_projector_epson4.bin,1
9916,projector,Epson,爱普生,upd6121g,irda_upd6121g_remote_projector_epson6.bin,1
9917,projector,Epson,爱普生,upd6121f-r2,irda_upd6121f-r2_remote_projector_epson5.bin,1
10087,projector,Epson,爱普生,newcode1,irda_newcode1_remote_projector_epson1.bin,1
9962,projector,ZhongBao,中宝,upd6121g,irda_upd6121g_remote_projector_zhongbao.bin,1
9963,projector,ZhongBao,中宝,upd6121g,irda_upd6121g_remote_projector_zhongbao2.bin,1
9965,projector,ZhongBao,中宝,upd6121g,irda_upd6121g_remote_projector_zhongbao3.bin,1
9966,projector,ZhongBao,中宝,upd6121g,irda_upd6121g_remote_projector_zhongbao4.bin,1
9960,projector,Costar,中光学,upd6121g,irda_upd6121g_remote_projector_costar.bin,1
9959,projector,UNIC,优丽可,upd6121g,irda_upd6121g_remote_projector_unic.bin,1
9951,projector,Viewsonic,优派,upd6121g,irda_upd6121g_remote_projector_viewsonic1.bin,1
9953,projector,Viewsonic,优派,upd6121g,irda_upd6121g_remote_projector_viewsonic2.bin,1
9954,projector,Viewsonic,优派,upd6121g,irda_upd6121g_remote_projector_viewsonic3.bin,1
9956,projector,Viewsonic,优派,upd6121g,irda_upd6121g_remote_projector_viewsonic4.bin,1
11179,projector,Viewsonic,优派,dvb_pan_7051_samsung,irda_dvb_pan_7051_samsung_remote_projector_viewsonic.bin,1
9947,projector,Pioneer,先锋,upd6121g,irda_upd6121g_remote_projector_pioneer1.bin,1
9949,projector,Pioneer,先锋,upd6121g,irda_upd6121g_remote_projector_pioneer3.bin,1
10036,projector,Pioneer,先锋,upd6121g,irda_upd6121g_remote_projector_pioneer.bin,1
11177,projector,Pioneer,先锋,m50462-r2,irda_m50462-r2_remote_projector_pioneer3.bin,1
11178,projector,Pioneer,先锋,m50560-r2,irda_m50560-r2_remote_projector_pioneer5.bin,1
9930,projector,Optoma,奥图码,upd6121g,irda_upd6121g_remote_projector_optoma3.bin,1
9934,projector,Optoma,奥图码,upd6121g,irda_upd6121g_remote_projector_optoma5.bin,1
11142,projector,Optoma,奥图码,dvb_pan_7051_samsung,irda_dvb_pan_7051_samsung_remote_projector_optoma4.bin,1
9938,projector,Eiki,爱其,upd6121g,irda_upd6121g_remote_projector_eiki2.bin,1
9939,projector,Eiki,爱其,upd6121g,irda_upd6121g_remote_projector_eiki3.bin,1
9941,projector,Eiki,爱其,upd6121g,irda_upd6121g_remote_projector_eiki4.bin,1
9943,projector,Eiki,爱其,upd6121g,irda_upd6121g_remote_projector_eiki5.bin,1
11143,projector,Boxlight,宝莱特,sharp_ix0773ce-r2,irda_sharp_ix0773ce-r2_remote_projector_boxlight.bin,1
9948,projector,Polaroid,宝丽莱,upd6121g,irda_upd6121g_remote_projector_polaroid.bin,1
9950,projector,Polaroid,宝丽莱,upd6121g,irda_upd6121g_remote_projector_polaroid3.bin,1
9952,projector,Polaroid,宝丽莱,upd6121g,irda_upd6121g_remote_projector_polaroid5.bin,1
11144,projector,Polaroid,宝丽莱,m50462-r2,irda_m50462-r2_remote_projector_polaroid2.bin,1
11145,projector,Polaroid,宝丽莱,m50560-r2,irda_m50560-r2_remote_projector_polaroid4.bin,1
11146,projector,Proxima,宝施玛,victor_c8d8,irda_victor_c8d8_remote_projector_proxima.bin,1
9955,projector,Daystar,晨星,upd6121g,irda_upd6121g_remote_projector_daystar.bin,1
9957,projector,Daystar,晨星,upd6121g,irda_upd6121g_remote_projector_daystar3.bin,1
9958,projector,Daystar,晨星,upd6121g,irda_upd6121g_remote_projector_daystar4.bin,1
11147,projector,Daystar,晨星,m50462-r2,irda_m50462-r2_remote_projector_daystar5.bin,1
11184,projector,Daystar,晨星,upd6124_d7c8,irda_upd6124_d7c8_remote_projector_daystar2.bin,1
9961,projector,Skyworth,创维,upd6121g,irda_upd6121g_remote_projector_skyworth.bin,1
9964,projector,Digital Projection,Digital Projection,upd6121g,irda_upd6121g_remote_projector_digitalprojection.bin,1
9940,projector,Sharp,夏普,upd6121g,irda_upd6121g_remote_projector_sharp2.bin,1
9942,projector,Sharp,夏普,upd6121g,irda_upd6121g_remote_projector_sharp3.bin,1
9944,projector,Sharp,夏普,upd6121g,irda_upd6121g_remote_projector_sharp4.bin,1
9945,projector,Sharp,夏普,upd6121g,irda_upd6121g_remote_projector_sharp5.bin,1
11175,projector,Sharp,夏普,sharp_ix0773ce-r2,irda_sharp_ix0773ce-r2_remote_projector_sharp.bin,1
11176,projector,Sharp,夏普,sharp_ix0773ce-r2,irda_sharp_ix0773ce-r2_remote_projector_sharp2.bin,1
9967,projector,Dell,戴尔,upd6121g,irda_upd6121g_remote_projector_dell.bin,1
9968,projector,Dell,戴尔,upd6121g,irda_upd6121g_remote_projector_dell2.bin,1
9969,projector,Dell,戴尔,upd6121g,irda_upd6121g_remote_projector_dell3.bin,1
9970,projector,Dell,戴尔,upd6121g,irda_upd6121g_remote_projector_dell4.bin,1
11148,projector,Dell,戴尔,m50560-r2,irda_m50560-r2_remote_projector_dell5.bin,1
9971,projector,Toshiba,东芝,upd6121g,irda_upd6121g_remote_projector_toshiba.bin,1
9972,projector,Toshiba,东芝,upd6121g,irda_upd6121g_remote_projector_toshiba2.bin,1
9973,projector,Toshiba,东芝,upd6121g,irda_upd6121g_remote_projector_toshiba3.bin,1
9974,projector,Toshiba,东芝,upd6121g,irda_upd6121g_remote_projector_toshiba4.bin,1
11149,projector,Toshiba,东芝,m50560-r2,irda_m50560-r2_remote_projector_toshiba5.bin,1
9975,projector,InFocus,富可视,upd6121g,irda_upd6121g_remote_projector_infocus.bin,1
9976,projector,InFocus,富可视,upd6121g,irda_upd6121g_remote_projector_infocus2.bin,1
9977,projector,InFocus,富可视,upd6121g,irda_upd6121g_remote_projector_infocus4.bin,1
11150,projector,InFocus,富可视,m50560-r2,irda_m50560-r2_remote_projector_infocus3.bin,1
9935,projector,Tumetimes,图美时代,upd6121g,irda_upd6121g_remote_projector_tumetimes.bin,1
10035,projector,Tumetimes,图美时代,upd6121g,irda_upd6121g_remote_projector_tumetimes1.bin,1
9978,projector,Founder,方正,upd6121g,irda_upd6121g_remote_projector_founder4.bin,1
9979,projector,Founder,方正,upd6121g,irda_upd6121g_remote_projector_founder5.bin,1
11151,projector,Founder,方正,lc7464m_panasonic,irda_lc7464m_panasonic_remote_projector_founder.bin,1
11152,projector,Founder,方正,lc7464m_panasonic,irda_lc7464m_panasonic_remote_projector_founder2.bin,1
11153,projector,Founder,方正,dvb_pan_7051_samsung,irda_dvb_pan_7051_samsung_remote_projector_founder3.bin,1
9980,projector,Philips,飞利浦,upd6121g,irda_upd6121g_remote_projector_philips.bin,1
9981,projector,Philips,飞利浦,upd6121g,irda_upd6121g_remote_projector_philips2.bin,1
9982,projector,Philips,飞利浦,upd6121g,irda_upd6121g_remote_projector_philips3.bin,1
9983,projector,Philips,飞利浦,upd6121g,irda_upd6121g_remote_projector_philips4.bin,1
9984,projector,Philips,飞利浦,upd6121g,irda_upd6121g_remote_projector_philips5.bin,1
11154,projector,Fujitsu,富士通,dvb_pan_7051_samsung,irda_dvb_pan_7051_samsung_remote_projector_fujitsu.bin,1
11155,projector,Fujitsu,富士通,dvb_pan_7051_samsung,irda_dvb_pan_7051_samsung_remote_projector_fujitsu2.bin,1
11156,projector,Fujitsu,富士通,lc7464m_panasonic,irda_lc7464m_panasonic_remote_projector_fujitsu3.bin,1
11157,projector,Fujitsu,富士通,lc7464m_panasonic,irda_lc7464m_panasonic_remote_projector_fujitsu4.bin,1
11185,projector,Fujitsu,富士通,upd6124_d7c8,irda_upd6124_d7c8_remote_projector_fujitsu5.bin,1
9990,projector,Acer,宏基,upd6121g,irda_upd6121g_remote_projector_acer2.bin,1
9991,projector,Acer,宏基,upd6121g,irda_upd6121g_remote_projector_acer3.bin,1
9992,projector,Acer,宏基,upd6121g,irda_upd6121g_remote_projector_acer4.bin,1
9993,projector,Acer,宏基,upd6121g,irda_upd6121g_remote_projector_acer5.bin,1
9994,projector,Acer,宏基,upd6121g,irda_upd6121g_remote_projector_acer6.bin,1
9995,projector,hp,惠普,upd6121g,irda_upd6121g_remote_projector_hp3.bin,1
9996,projector,hp,惠普,upd6121g,irda_upd6121g_remote_projector_hp4.bin,1
9997,projector,hp,惠普,upd6121g,irda_upd6121g_remote_projector_hp5.bin,1
11158,projector,hp,惠普,lc7464m_panasonic,irda_lc7464m_panasonic_remote_projector_hp.bin,1
11159,projector,hp,惠普,lc7464m_panasonic,irda_lc7464m_panasonic_remote_projector_hp2.bin,1
9998,projector,JmGo,坚果,upd6121g,irda_upd6121g_remote_projector_jmgo.bin,1
9932,projector,3M,3M,upd6121g,irda_upd6121g_remote_projector_3m2.bin,1
9933,projector,3M,3M,upd6121g,irda_upd6121g_remote_projector_3m3.bin,1
11196,projector,3M,3M,panprojector2,irda_panprojector2_remote_projector_3m.bin,1
11197,projector,3M,3M,upd6121f-r2,irda_upd6121f-r2_remote_projector_3m2.bin,1
9999,projector,Canon,佳能,upd6121g,irda_upd6121g_remote_projector_canon.bin,1
10002,projector,Canon,佳能,upd6121g,irda_upd6121g_remote_projector_canon3.bin,1
10003,projector,Canon,佳能,upd6121g,irda_upd6121g_remote_projector_canon2.bin,1
11186,projector,Canon,佳能,upd6124_d7c8,irda_upd6124_d7c8_remote_projector_canon4.bin,1
9931,projector,Samsung,三星,upd6121g,irda_upd6121g_remote_projector_samsung1.bin,1
11173,projector,Samsung,三星,sharp_ix0773ce-r2,irda_sharp_ix0773ce-r2_remote_projector_samsung3.bin,1
11221,projector,Samsung,三星,t36,irda_t36_remote_projector_samsung.bin,1
10004,projector,Coolux,酷乐视,upd6121g,irda_upd6121g_remote_projector_coolux.bin,1
10005,projector,Coolux,酷乐视,upd6121g,irda_upd6121g_remote_projector_coolux2.bin,1
9925,projector,Sanyo,三洋,upd6121g,irda_upd6121g_remote_projector_sanyo.bin,1
9926,projector,Sanyo,三洋,upd6121g,irda_upd6121g_remote_projector_sanyo1.bin,1
9927,projector,Sanyo,三洋,upd6121g,irda_upd6121g_remote_projector_sanyo2.bin,1
9928,projector,Sanyo,三洋,upd6121g,irda_upd6121g_remote_projector_sanyo3.bin,1
9929,projector,Sanyo,三洋,upd6121g,irda_upd6121g_remote_projector_sanyo4.bin,1
10006,projector,Casio,卡西欧,upd6121g,irda_upd6121g_remote_projector_casio.bin,1
9921,projector,Mitsubushi,三菱,upd6121g,irda_upd6121g_remote_projector_mitsubushi1.bin,1
9922,projector,Mitsubushi,三菱,upd6121g,irda_upd6121g_remote_projector_mitsubushi2.bin,1
9923,projector,Mitsubushi,三菱,upd6121g,irda_upd6121g_remote_projector_mitsubushi3.bin,1
9924,projector,Mitsubushi,三菱,upd6121g,irda_upd6121g_remote_projector_mitsubushi4.bin,1
11172,projector,Mitsubushi,三菱,m50560-r1,irda_m50560-r1_remote_projector_mitsubushi.bin,1
10007,projector,Vivitek,丽讯,upd6121g,irda_upd6121g_remote_projector_vivitek.bin,1
10008,projector,Vivitek,丽讯,upd6121g,irda_upd6121g_remote_projector_vivitek2.bin,1
10009,projector,Vivitek,丽讯,upd6121g,irda_upd6121g_remote_projector_vivitek3.bin,1
9918,projector,Sony,索尼,upd6121g,irda_upd6121g_remote_projector_sony2.bin,1
9920,projector,Sony,索尼,upd6121g,irda_upd6121g_remote_projector_sony4.bin,1
10000,projector,Sony,索尼,upd6121g,irda_upd6121g_remote_projector_sony3.bin,1
11192,projector,Sony,索尼,upd6124_d7c8,irda_upd6124_d7c8_remote_projector_sony2.bin,1
10010,projector,LG,LG,upd6121g,irda_upd6121g_remote_projector_lg.bin,1
10011,projector,LG,LG,upd6121g,irda_upd6121g_remote_projector_lg3.bin,1
10012,projector,LG,LG,upd6121f-r2,irda_upd6121f-r2_remote_projector_lg4.bin,1
10013,projector,LG,LG,upd6121g,irda_upd6121g_remote_projector_lg5.bin,1
10014,projector,BenQ,明基,upd6121g,irda_upd6121g_remote_projector_benq.bin,1
10015,projector,BenQ,明基,upd6121f-r2,irda_upd6121f-r2_remote_projector_benq2.bin,1
10016,projector,BenQ,明基,upd6121g,irda_upd6121g_remote_projector_benq3.bin,1
10017,projector,BenQ,明基,upd6121g,irda_upd6121g_remote_projector_benq4.bin,1
10018,projector,BenQ,明基,upd6121g,irda_upd6121g_remote_projector_benq5.bin,1
11160,projector,Marantz,马兰士,saa3010_rc5-11-r1,irda_saa3010_rc5-11-r1_remote_projector_marantz.bin,1
10019,projector,Planar,平达,upd6121g,irda_upd6121g_remote_projector_planar.bin,1
10020,projector,Plus,普乐士,upd6121g,irda_upd6121g_remote_projector_plus.bin,1
10021,projector,Premier,拍得丽,upd6121g,irda_upd6121g_remote_projector_premier2.bin,1
10022,projector,Premier,拍得丽,upd6121g,irda_upd6121g_remote_projector_premier3.bin,1
10023,projector,Premier,拍得丽,upd6121g,irda_upd6121g_remote_projector_premier4.bin,1
10024,projector,Premier,拍得丽,upd6121g,irda_upd6121g_remote_projector_premier5.bin,1
10025,projector,Quasar,Quasar,upd6121g,irda_upd6121g_remote_projector_quasar.bin,1
10026,projector,NEC,日电,upd6121g,irda_upd6121g_remote_projector_nec.bin,1
10027,projector,NEC,日电,upd6121g,irda_upd6121g_remote_projector_nec4.bin,1
10028,projector,NEC,日电,upd6121g,irda_upd6121g_remote_projector_nec5.bin,1
10038,projector,NEC,日电,upd6121g,irda_upd6121g_remote_projector_nec6.bin,1
11187,projector,NEC,日电,upd6121g2,irda_upd6121g2_remote_projector_nec2.bin,1
11188,projector,NEC,日电,upd6121g2,irda_upd6121g2_remote_projector_nec7.bin,1
10030,projector,Hitachi,日立,upd6121g,irda_upd6121g_remote_projector_hitachi.bin,1
10031,projector,Hitachi,日立,upd6121g,irda_upd6121g_remote_projector_hitachi3.bin,1
11189,projector,Hitachi,日立,upd6121g_001-r1,irda_upd6121g_001-r1_remote_projector_hitachi2.bin,1
11190,projector,Hitachi,日立,upd6124_d7c8,irda_upd6124_d7c8_remote_projector_hitachi4.bin,1
11191,projector,Hitachi,日立,upd6124_d7c13,irda_upd6124_d7c13_remote_projector_hitachi5.bin,1
10037,projector,Runco,Runco,upd6121g,irda_upd6121g_remote_projector_runco.bin,1
10033,projector,RuiCheng,瑞诚,upd6121g,irda_upd6121g_remote_projector_ruicheng2.bin,1
10034,projector,RuiCheng,瑞诚,upd6121g,irda_upd6121g_remote_projector_ruicheng5.bin,1
11161,projector,RuiCheng,瑞诚,m50560-r2,irda_m50560-r2_remote_projector_ruicheng.bin,1
11162,projector,RuiCheng,瑞诚,lc7464m_panasonic,irda_lc7464m_panasonic_remote_projector_ruicheng3.bin,1
11163,projector,RuiCheng,瑞诚,dvb_pan_7051_samsung,irda_dvb_pan_7051_samsung_remote_projector_ruicheng4.bin,1
11169,projector,Panasonic,松下,lc7464m_panasonic,irda_lc7464m_panasonic_remote_projector_panasonic3.bin,1
11170,projector,Panasonic,松下,lc7464m_panasonic,irda_lc7464m_panasonic_remote_projector_panasonic4.bin,1
11171,projector,Panasonic,松下,dvb_pan_7051_samsung,irda_dvb_pan_7051_samsung_remote_projector_panasonic5.bin,1
11193,projector,Panasonic,松下,panprojector2,irda_panprojector2_remote_projector_panasonic.bin,1
11194,projector,Panasonic,松下,panprojector2,irda_panprojector2_remote_projector_panasonic2.bin,1
11167,projector,Seleco,视丽,m3004_6c_lab1-1-r1,irda_m3004_6c_lab1-1-r1_remote_projector_seleco.bin,1
11168,projector,Seleco,视丽,m3004_6c_lab1-0-r1,irda_m3004_6c_lab1-0-r1_remote_projector_seleco2.bin,1
11174,projector,Cineversum,诗威,victor_c8d8,irda_victor_c8d8_remote_projector_cineversum.bin,1
11181,projector,ACTO,雅图,lc7461m_c13,irda_lc7461m_c13_remote_projector_acto.bin,1
11886,projector,Ampro,Ampro,dvb_pan_7051_samsung,irda_dvb_pan_7051_samsung_remote_projector_ampro.bin,1
11887,projector,Pureglare,宝得丽,upd6121g,irda_upd6121g_remote_projector_pureglare.bin,1
11888,projector,Chentianpao,陈天跑,upd6121g,irda_upd6121g_remote_projector_chentianpao.bin,1
11889,projector,CRE,创荣,upd6121g,irda_upd6121g_remote_projector_cre.bin,1
11890,projector,CTX,CTX,upd6121g,irda_upd6121g_remote_projector_ctx.bin,1
11891,projector,Davis,Davis,upd6121g,irda_upd6121g_remote_projector_davis.bin,1
11892,projector,Dmin,Dmin,rca_56k,irda_rca_56k_remote_projector_dmin.bin,1
11893,projector,Harman Kardon,哈曼卡顿,saa3010_rc5-11-r1,irda_saa3010_rc5-11-r1_remote_projector_harmankardon.bin,1
11894,projector,Acer,宏碁,upd6121g,irda_upd6121g_remote_projector_acer.bin,1
11895,projector,Acer,宏碁,upd6121g,irda_upd6121g_remote_projector_acer7.bin,1
11896,projector,Ecmoban,轰天炮,upd6121g,irda_upd6121g_remote_projector_ecmoban.bin,1
11897,projector,Ring,环影,upd6121g,irda_upd6121g_remote_projector_ring.bin,1
11898,projector,Better visibility,佳可视,upd6121g,irda_upd6121g_remote_projector_bettervisibility.bin,1
11899,projector,Ke Lan,柯蓝,upd6121g,irda_upd6121g_remote_projector_kelan.bin,1
11900,projector,Fast Purcell,快赛尔,upd6121g,irda_upd6121g_remote_projector_fastpurcell.bin,1
11902,projector,ROOVA,朗曼,upd6121g,irda_upd6121g_remote_projector_roova.bin,1
11903,projector,LUXCine,雷克赛恩,upd6121g,irda_upd6121g_remote_projector_luxcine.bin,1
11904,projector,NEC,NEC,upd6121g2,irda_upd6121g2_remote_projector_nec.bin,1
11905,projector,NEC,NEC,upd6121g,irda_upd6121g_remote_projector_nec2.bin,1
11906,projector,NEC,NEC,upd6121g,irda_upd6121g_remote_projector_nec3.bin,1
11909,projector,OAIS,欧艾斯,upd6121g,irda_upd6121g_remote_projector_oais.bin,1
11910,projector,Ruanke,软科,upd6121g,irda_upd6121g_remote_projector_ruanke2.bin,1
11911,projector,JVC,胜利,victor_c8d8,irda_victor_c8d8_remote_projector_jvc.bin,1
11912,projector,Weideguang,威得光,victor_c8d8,irda_victor_c8d8_remote_projector_weideguang.bin,1
11913,projector,XJS,XJS,upd6121g,irda_upd6121g_remote_projector_xjs.bin,1
11914,projector,YAMAHA,雅马哈,upd6121g,irda_upd6121g_remote_projector_yamaha.bin,1
12722,projector,iSee,iSee,upd6121g,irda_upd6121g_remote_projector_isee.bin,1
12737,projector,XGIMI,极米,upd6121g,irda_upd6121g_remote_projector_xgimi.bin,1
12738,projector,XGIMI,极米,upd6121g,irda_upd6121g_remote_projector_xgimi1.bin,1
13033,projector,Xshuai,小帅,upd6121g,irda_upd6121g_remote_projector_xshuai1.bin,1
